"GEOID","state","R","density_log","private","hincome","R_death","sensitivitydensity"
1003,"AL",1.816278198,3.79021024,9.185298622,5.5962,NA,FALSE
1005,"AL",1.621761066,2.483275333,9.516280159,3.4186,NA,TRUE
1013,"AL",1.612081411,2.34287767,9.631870254,3.9109,NA,TRUE
1015,"AL",1.491388013,4.324960812,9.454472183,4.5197,NA,TRUE
1017,"AL",1.808766619,3.097634226,9.667268686,3.9872,1.206808912,FALSE
1021,"AL",1.017555131,3.191325618,9.605974313,4.5182,NA,FALSE
1023,"AL",1.64616566,1.767753202,9.510658915,3.4884,NA,TRUE
1031,"AL",1.357679636,3.346504922,9.524108826,5.3155,NA,TRUE
1041,"AL",1.538627073,2.176867113,9.262722532,3.9812,NA,TRUE
1043,"AL",1.508828704,3.743537233,9.684706747,4.2558,NA,FALSE
1049,"AL",1.41408948,3.564755509,9.611873762,3.9233,NA,FALSE
1055,"AL",1.651302979,4.322370024,9.437546891,4.4023,NA,TRUE
1059,"AL",2.135490048,2.960778965,9.617101245,4.0459,NA,TRUE
1061,"AL",1.405480341,2.890790373,9.516552281,3.8142,NA,TRUE
1069,"AL",1.521562335,4.213898828,9.589768229,4.5496,NA,TRUE
1073,"AL",1.693158028,5.432750496,9.369482637,5.1979,1.010946723,TRUE
1081,"AL",1.533703046,4.490095898,9.271206856,4.8056,1.273058007,FALSE
1083,"AL",1.461012572,4.044489636,9.569722738,5.646,NA,FALSE
1085,"AL",1.405480341,1.80726108,9.616071429,3.0833,NA,TRUE
1087,"AL",1.15361619,2.610290393,9.137737962,3.2074,NA,TRUE
1089,"AL",1.364275901,5.083067098,9.416008466,6.3417,NA,TRUE
1095,"AL",2.234507793,4.150591764,9.505564347,4.249,NA,FALSE
1097,"AL",2.10829108,4.865219893,9.325957605,4.6166,1.536559587,TRUE
1101,"AL",2.033478241,4.726683691,9.369653941,4.799,NA,TRUE
1103,"AL",0.776234174,4.377450082,9.622548537,4.9751,NA,FALSE
1111,"AL",1.922326728,2.723831163,9.545561296,4.1449,NA,TRUE
1113,"AL",1.59651732,3.462145099,9.530529954,4.0978,NA,FALSE
1115,"AL",1.780664902,3.933327016,9.583038127,5.4887,NA,FALSE
1117,"AL",1.462828434,4.563942354,9.36004905,7.5761,NA,FALSE
1119,"AL",1.210409218,1.771381113,9.458590853,2.3132,NA,TRUE
1121,"AL",1.323619914,3.764080648,9.422138713,4.1012,NA,FALSE
1123,"AL",1.721473798,3.110179585,9.587276022,4.3361,1.361288693,TRUE
1125,"AL",1.723674251,4.040620446,9.446974132,5.2221,NA,FALSE
1127,"AL",1.32386409,3.48759739,9.591491119,4.1748,NA,FALSE
1131,"AL",1.808766619,1.623590671,9.535614525,2.7237,NA,TRUE
2020,"AK",1.379450669,4.19112522,8.80862864,8.328,NA,TRUE
2090,"AK",1.411212729,1.635934692,9.018338519,7.7095,NA,TRUE
4001,"AZ",1.354664264,0.90260355,8.563405099,3.2963,NA,TRUE
4003,"AZ",1.505744192,2.107181719,8.993909708,4.8649,NA,TRUE
4005,"AZ",1.696458616,1.025147028,8.132709878,5.7616,1.019519081,TRUE
4013,"AZ",2.843501654,5.076378425,8.781686745,6.1606,1.395084268,TRUE
4015,"AZ",1.499216894,1.758996647,9.297324439,4.3266,NA,TRUE
4017,"AZ",2.004393335,1.427748134,8.422003737,4.0054,1.133058517,TRUE
4019,"AZ",2.1956373,3.718374345,8.750561715,5.1037,1.421602322,FALSE
4023,"AZ",1.178605491,2.694769359,9.246888941,4.0467,NA,TRUE
4025,"AZ",1.804283262,2.305600302,8.770196288,5.018,NA,FALSE
5007,"AR",0.904015559,4.613675385,9.402443635,6.4141,NA,TRUE
5019,"AR",0.817378696,2.327408186,9.049817273,3.9752,NA,TRUE
5023,"AR",0.936942341,2.896435351,9.205358042,4.3391,NA,TRUE
5031,"AR",1.49801218,3.963731644,9.418969849,4.5868,NA,TRUE
5035,"AR",1.861981246,3.472938449,9.334130781,3.9002,NA,FALSE
5037,"AR",1.609183119,2.415360688,9.450623074,4.3838,NA,FALSE
5045,"AR",1.108005657,4.2118728,9.356718967,5.193,NA,FALSE
5051,"AR",1.465413094,4.001875844,9.197615424,4.3146,NA,FALSE
5063,"AR",1.106589553,2.918927429,9.515364127,4.3523,NA,TRUE
5069,"AR",0.953760144,3.536191057,9.338324644,3.8289,NA,FALSE
5075,"AR",1.267101897,2.437363743,9.450702052,3.8528,NA,TRUE
5079,"AR",3.603689653,2.274044026,9.601506119,4.5166,NA,TRUE
5085,"AR",0.983211854,3.533495495,9.514801621,5.7509,NA,FALSE
5091,"AR",0.719136778,3.28931287,9.535504848,4.1903,NA,TRUE
5115,"AR",1.053332608,3.379085348,9.385313531,4.1914,NA,TRUE
5119,"AR",1.30774457,5.270472125,9.319858141,5.0093,1.186599613,TRUE
5123,"AR",1.480260157,2.84421475,9.080852065,3.5356,NA,FALSE
5125,"AR",1.405480342,4.045789378,9.568289839,6.2152,NA,FALSE
5143,"AR",1.272440508,4.421658483,9.216758244,4.9629,NA,TRUE
5145,"AR",0.747048645,3.35866452,9.234605853,4.3822,NA,FALSE
5149,"AR",1.848073116,2.220351119,8.996480872,4.2361,NA,TRUE
6001,"CA",2.128082481,6.670825,7.188267309,9.2574,1.387149429,TRUE
6013,"CA",1.550766349,6.33812598,7.963301788,9.3712,NA,TRUE
6015,"CA",2.265129581,2.395750339,8.850601841,4.5258,NA,TRUE
6017,"CA",1.093275574,3.711909558,8.565425728,8.0582,NA,FALSE
6019,"CA",2.461000431,4.099281675,9.076923077,5.1261,NA,TRUE
6023,"CA",1.626342621,2.67882334,8.228743029,4.5528,NA,TRUE
6025,"CA",1.373032174,2.780933627,9.044164891,4.5834,NA,FALSE
6029,"CA",2.386803758,3.68551269,9.245851734,5.2479,NA,FALSE
6031,"CA",1.925122245,3.749780303,9.119434654,5.3865,NA,TRUE
6037,"CA",3.053716988,6.839719552,8.390073655,6.4251,2.881310837,TRUE
6039,"CA",1.674711948,3.305296905,9.141348648,5.2884,NA,TRUE
6041,"CA",1.809079304,5.2327363,7.343424611,11.0217,0.882567506,TRUE
6047,"CA",1.928626197,3.932622329,8.979391162,5.0129,NA,FALSE
6053,"CA",1.417159622,3.888737685,8.174674822,6.6676,NA,FALSE
6057,"CA",1.315988922,3.684225851,8.175246285,6.324,NA,FALSE
6059,"CA",3.038847009,7.293123061,8.875502709,8.5398,2.85968726,TRUE
6065,"CA",3.27890041,4.764859022,9.077177083,6.3948,1.956020341,FALSE
6067,"CA",2.070374147,6.341901466,8.791401362,6.3902,1.279043361,TRUE
6071,"CA",3.06825778,3.6681259,9.114271259,6.0164,1.63405654,FALSE
6073,"CA",2.257445629,5.649329269,8.558571762,7.4855,2.168792031,TRUE
6075,"CA",2.472516178,8.799798865,4.238259332,10.4552,NA,TRUE
6077,"CA",2.039002676,5.247958194,9.204316921,6.1145,1.013484798,TRUE
6079,"CA",1.268964542,3.451935293,8.509728142,7.0699,NA,FALSE
6081,"CA",1.928626202,6.427495591,7.902620976,11.3776,NA,TRUE
6083,"CA",2.220654786,4.091669929,8.227685905,7.1657,NA,FALSE
6085,"CA",2.331349518,6.278917727,8.609452158,11.6178,1.703992113,TRUE
6087,"CA",1.236832241,5.427446342,7.844847931,7.8041,NA,TRUE
6089,"CA",0.841916907,2.897248605,8.999138284,5.0905,NA,TRUE
6095,"CA",2.488068951,5.268927883,9.044376766,7.7609,NA,TRUE
6097,"CA",2.09420581,4.775385358,8.636964136,7.6753,NA,FALSE
6099,"CA",1.944527053,4.889440762,9.177849003,5.7387,NA,FALSE
6107,"CA",1.980452086,3.566413571,9.252264238,4.7518,1.563569416,TRUE
6111,"CA",2.423591622,5.150222531,9.017462603,8.4017,1.255276009,TRUE
6113,"CA",1.626779177,4.33631795,7.853710737,6.5923,NA,FALSE
8001,"CO",3.004858265,4.983762144,8.922265481,6.7575,1.491731025,TRUE
8005,"CO",2.772073351,5.623012067,8.622575492,7.3925,1.954760968,TRUE
8013,"CO",1.411817774,5.053660168,7.304557004,7.8642,2.119440329,TRUE
8014,"CO",1.439597356,6.481933751,8.371176633,8.9624,NA,TRUE
8025,"CO",0.706206865,1.049154407,8.761643836,3.7586,NA,TRUE
8029,"CO",1.158276419,2.347959149,8.607344633,4.4512,NA,TRUE
8031,"CO",2.474550379,7.322855999,7.788579198,6.3793,2.916577247,TRUE
8035,"CO",2.543396151,4.876524325,8.41672394,11.5314,3.371336767,FALSE
8037,"CO",1.766869375,2.481885303,8.057737211,8.4685,NA,TRUE
8041,"CO",2.345647739,4.727090483,8.800245247,6.5334,1.133058526,FALSE
8045,"CO",1.486421777,1.999642016,8.318644287,7.2898,NA,TRUE
8051,"CO",2.13259326,0.60247161,6.839724257,5.4979,NA,TRUE
8059,"CO",2.386124964,5.598673986,8.557007164,7.8943,1.933146983,TRUE
8067,"CO",1.115691843,2.460742509,8.235924748,6.4372,NA,TRUE
8069,"CO",1.761564673,3.796922649,8.390621508,6.7664,NA,FALSE
8077,"CO",1.30882613,2.834229053,8.737114912,5.3683,NA,TRUE
8085,"CO",1.412362581,1.961841879,9.045963465,4.8739,NA,TRUE
8087,"CO",2.244378988,2.139015822,9.130401055,5.1626,1.837577046,FALSE
8097,"CO",1.532229941,1.919968954,5.534977618,7.1244,NA,TRUE
8101,"CO",1.538335521,3.247985168,9.358895568,4.4634,NA,TRUE
8107,"CO",1.328022725,1.346210316,7.836760386,7.4273,NA,TRUE
8121,"CO",2.244655049,-0.303602183,8.520318021,4.9375,NA,FALSE
8123,"CO",2.325966547,3.197945529,9.048900572,7.0908,1.35930589,FALSE
9001,"CT",3.115885031,6.339448099,8.063236275,9.2969,2.093345214,TRUE
9003,"CT",2.40074506,6.151821268,8.96557613,7.2321,2.409417822,TRUE
9005,"CT",3.015563994,4.3777598,9.011134176,7.8314,1.993584997,FALSE
9007,"CT",1.860076827,5.154522956,8.868368723,8.4761,1.460809451,TRUE
9009,"CT",2.851857709,6.311499044,8.660988448,6.7128,2.139686836,TRUE
9011,"CT",2.056984673,5.06982734,8.915367208,7.1368,1.04430199,TRUE
9013,"CT",1.384679769,4.96784023,8.66723435,8.4916,1.147120017,FALSE
9015,"CT",1.72281199,4.490307063,9.155602388,6.4774,NA,FALSE
10001,"DE",2.122409886,4.671985223,9.219715873,5.8775,1.753238763,FALSE
10003,"DE",1.984381298,6.189740801,8.812250867,7.0996,1.380467315,TRUE
10005,"DE",1.579265984,4.398341869,9.044410317,6.0853,1.941051665,FALSE
11001,"DC",2.647884352,8.244231893,4.060458587,8.2604,1.588150823,TRUE
12001,"FL",1.690184847,4.692602939,8.539706064,4.9078,NA,TRUE
12005,"FL",1.319483462,4.453835422,9.241560772,5.1829,NA,TRUE
12007,"FL",1.450581928,3.623258762,9.358974359,4.6197,NA,FALSE
12009,"FL",1.982502347,5.330605572,9.007553868,5.4359,NA,TRUE
12011,"FL",2.744247757,6.324169261,8.928079816,5.7333,2.347366266,TRUE
12013,"FL",1.415126845,2.297885537,9.503239741,3.8609,NA,TRUE
12015,"FL",1.936334387,4.508635825,8.746038703,4.9225,1.227349195,FALSE
12017,"FL",1.817400434,4.540585917,9.119468629,4.1424,NA,FALSE
12019,"FL",2.317214155,4.803497786,9.096887001,6.2653,NA,FALSE
12021,"FL",2.195312662,4.129097483,8.675308986,6.5675,NA,FALSE
12023,"FL",1.674711952,3.487113897,9.387402255,4.4491,NA,TRUE
12029,"FL",1.528177523,2.196450882,8.736635392,3.8237,NA,TRUE
12031,"FL",2.249741973,6.081780594,8.985525154,5.3473,1.127824335,TRUE
12033,"FL",2.146552482,5.165052628,8.66643122,4.9286,NA,TRUE
12035,"FL",1.152822222,4.332179939,9.148792729,5.3872,NA,FALSE
12039,"FL",1.524945843,3.546414941,9.337895321,4.0922,NA,FALSE
12047,"FL",1.142346876,2.408846169,9.040446304,3.4583,NA,TRUE
12049,"FL",1.148374796,2.820655313,8.998474835,3.7594,NA,FALSE
12051,"FL",1.733633525,2.573341134,8.12906362,4.0728,NA,FALSE
12053,"FL",1.483058436,4.949990277,9.06271611,4.603,NA,FALSE
12055,"FL",1.532229946,3.624824376,8.93129771,3.7314,NA,TRUE
12057,"FL",2.625727492,6.142474677,8.890223873,5.6137,2.027481249,TRUE
12061,"FL",1.479853698,4.663223461,8.97789611,5.2336,NA,FALSE
12065,"FL",0.890045073,2.254340896,9.575425553,4.8173,NA,FALSE
12069,"FL",1.869856495,4.805852993,9.196435944,5.1884,NA,FALSE
12071,"FL",3.35210085,5.718746675,9.013339325,5.4691,0.963080629,TRUE
12073,"FL",1.855831287,5.072074305,9.003188396,5.1201,NA,TRUE
12077,"FL",1.442831771,1.352053903,9.217096911,3.7363,NA,FALSE
12081,"FL",1.962746678,5.122634097,8.890545973,5.6036,2.433382443,TRUE
12083,"FL",1.568251317,4.391066964,9.079297057,4.3361,NA,FALSE
12085,"FL",2.281078492,4.643920803,8.751317503,5.7959,NA,FALSE
12086,"FL",3.253533993,6.230314819,8.625184357,4.8982,1.89493532,TRUE
12087,"FL",1.194809219,3.3568974,7.965736134,6.7023,NA,FALSE
12089,"FL",1.115691844,3.775977034,9.176421637,6.6297,NA,FALSE
12091,"FL",1.783590606,4.318164929,9.20749325,6.2048,NA,FALSE
12093,"FL",1.418899845,2.999910087,9.444710388,4.0367,NA,FALSE
12095,"FL",2.730600685,6.193899075,8.950640899,5.4335,1.674711952,TRUE
12097,"FL",2.061747767,4.358624639,9.30569703,5.0063,NA,FALSE
12099,"FL",2.764054414,5.555921936,8.840414225,5.9943,1.319626879,TRUE
12101,"FL",1.924842388,5.481574995,8.931486124,5.0417,NA,TRUE
12103,"FL",2.651521815,7.164316016,8.718236513,5.1454,1.044301987,TRUE
12105,"FL",2.166152343,4.862177816,9.291418313,4.85,0.915222444,FALSE
12109,"FL",2.114079023,4.805310344,8.824650572,7.7323,NA,FALSE
12111,"FL",1.8389349,5.233954659,9.121830152,4.9373,1.333804804,TRUE
12113,"FL",1.5777781,4.05654937,9.292274812,6.6242,NA,FALSE
12115,"FL",2.052385563,5.574289261,8.952998637,5.8644,1.38714943,TRUE
12117,"FL",2.237415882,6.268750259,8.964280777,6.376,NA,TRUE
12119,"FL",1.328022725,4.188882008,8.136294718,5.5228,0.618206105,FALSE
12121,"FL",1.505744192,3.148432966,9.135726956,4.2686,1.260330271,TRUE
12125,"FL",1.028192943,3.203851894,8.989623157,4.177,NA,FALSE
12127,"FL",2.207657621,5.155834381,8.934813797,4.676,NA,TRUE
13009,"GA",2.547561521,4.226284342,9.380739345,3.9426,NA,FALSE
13013,"GA",1.644153746,5.118409391,9.515540348,5.7348,NA,TRUE
13015,"GA",1.48049931,4.4326061,9.1691647,5.5452,1.505744194,FALSE
13017,"GA",1.186599612,3.303987915,9.476456504,3.2705,NA,TRUE
13021,"GA",1.65323546,5.482542971,9.225677923,3.9931,NA,TRUE
13029,"GA",1.166707648,3.287470541,9.284667969,7.1322,NA,FALSE
13031,"GA",1.331025917,3.696230414,9.008241758,4.1789,NA,FALSE
13033,"GA",1.95345639,2.387476258,9.321842965,4.2773,NA,FALSE
13035,"GA",1.737094333,3.902606234,9.530323757,4.1845,NA,FALSE
13037,"GA",1.581290368,2.221213972,8.945068664,3.1725,NA,TRUE
13039,"GA",1.090062086,3.45992674,9.159592185,5.6397,NA,FALSE
13045,"GA",1.139282912,4.448603926,9.367717819,4.9608,1.379093168,FALSE
13049,"GA",1.167647882,1.804133667,9.292759201,4.0283,NA,FALSE
13051,"GA",2.162180974,5.480851094,8.875451037,5.4911,NA,TRUE
13057,"GA",1.91426257,5.279461968,8.828682888,7.967,NA,TRUE
13059,"GA",1.409855267,5.935022692,8.366386849,3.6889,0.569454887,TRUE
13063,"GA",2.627944569,6.561772508,9.064267268,4.5778,0.647457251,TRUE
13065,"GA",1.648240464,1.1878407,9.589293955,2.5236,NA,TRUE
13067,"GA",2.085704491,6.662385373,8.80248858,7.5153,1.353283427,TRUE
13069,"GA",2.153020927,3.347672961,9.557549127,3.8266,NA,TRUE
13071,"GA",1.338783259,3.474539271,9.25816833,3.5472,NA,TRUE
13073,"GA",1.562393281,5.106620452,9.617242497,7.6938,NA,TRUE
13077,"GA",1.924123067,4.713981735,9.226896746,7.0717,NA,FALSE
13081,"GA",1.52624707,3.50255839,9.524371533,3.5096,NA,TRUE
13087,"GA",1.242503638,2.890496652,9.501612735,3.9148,NA,FALSE
13089,"GA",3.271226275,6.906107592,8.280144507,5.928,1.249856127,TRUE
13093,"GA",1.243056213,2.687561575,9.422680412,3.5629,NA,TRUE
13095,"GA",2.066957876,4.710278775,9.034502754,3.7633,1.139476257,TRUE
13097,"GA",1.57302224,5.543300333,9.154293575,6.2147,NA,TRUE
13099,"GA",2.074263976,2.115240319,9.447573076,3.1567,NA,TRUE
13101,"GA",1.680049411,1.322836288,9.454109178,3.4447,NA,TRUE
13105,"GA",1.627154751,3.099156568,9.632528522,3.7943,NA,FALSE
13113,"GA",1.851122905,5.355255141,8.819083881,8.7272,NA,TRUE
13115,"GA",1.655171224,4.289511426,9.044471744,4.6367,NA,FALSE
13117,"GA",1.69170043,5.712065474,8.663840288,10.1743,NA,TRUE
13121,"GA",3.730168838,6.514600174,7.977877125,6.4787,1.897467818,TRUE
13123,"GA",2.083304218,3.242974923,9.168868604,4.9389,NA,FALSE
13127,"GA",1.380894098,4.293776147,9.301990885,5.0672,NA,TRUE
13131,"GA",1.381705417,3.056160797,9.587721938,4.2348,NA,FALSE
13133,"GA",1.291103225,2.768766429,8.778527805,4.9755,NA,FALSE
13135,"GA",3.02016692,6.582667074,9.109792487,6.7769,1.657973146,TRUE
13137,"GA",2.399100069,4.095178405,9.597421689,4.914,NA,FALSE
13139,"GA",1.866023237,5.174047531,9.38295496,5.9898,NA,TRUE
13145,"GA",1.580514675,3.282986247,9.413938754,7.4261,NA,FALSE
13151,"GA",2.415868395,5.498894338,9.065705381,6.8609,NA,TRUE
13153,"GA",1.871043277,4.968663214,9.623040719,5.877,1.328022717,FALSE
13157,"GA",1.121455262,4.230543676,9.383891106,6.2495,NA,FALSE
13167,"GA",1.31173087,2.542917872,9.418129358,3.9813,NA,TRUE
13169,"GA",1.147120018,3.33573758,9.549693355,5.3155,NA,FALSE
13177,"GA",3.000632631,3.424570067,9.615942582,6.542,0.635502496,TRUE
13185,"GA",1.514267531,4.442875866,9.38075228,4.139,NA,TRUE
13189,"GA",1.239240596,3.490578824,9.506966774,3.9199,NA,FALSE
13193,"GA",1.669490779,2.653602403,9.39198526,3.1999,NA,TRUE
13197,"GA",1.172847855,2.221598677,9.183368232,4.4309,NA,FALSE
13205,"GA",1.558131287,2.874527332,9.429186179,3.7027,0.74276453,TRUE
13215,"GA",1.975172295,5.825459859,9.01007643,4.5389,NA,TRUE
13217,"GA",2.111341191,4.954457216,9.220770724,5.3309,NA,FALSE
13219,"GA",1.544473753,4.230265202,9.189234557,8.8308,NA,FALSE
13221,"GA",1.229862099,2.572870355,9.470018171,4.4927,NA,FALSE
13223,"GA",1.614592663,5.170503628,9.207392739,6.6467,NA,TRUE
13229,"GA",1.316152215,3.130418955,9.46459185,4.4167,NA,TRUE
13231,"GA",1.598618553,3.463494254,9.627021388,5.8765,NA,FALSE
13237,"GA",1.230311366,3.16845455,9.303455127,5.1245,NA,TRUE
13243,"GA",1.679391139,1.94011175,8.497495826,3.0914,0.813922854,TRUE
13245,"GA",2.569392693,5.475411959,9.031872463,4.0644,0.987590107,TRUE
13247,"GA",1.682139122,5.535340501,9.262413918,5.7049,NA,TRUE
13255,"GA",2.173805903,4.835621601,9.518766866,4.2671,NA,FALSE
13257,"GA",1.517440408,4.03278733,9.120165338,4.3416,NA,FALSE
13261,"GA",3.132317039,3.267720399,9.350008655,3.6205,1.353283427,TRUE
13273,"GA",1.946077523,2.372287209,9.351795496,3.8015,0.874504872,TRUE
13275,"GA",1.55152934,3.456479427,9.536102377,4.0112,0.866481036,FALSE
13277,"GA",1.47701248,4.091429005,9.597416337,4.279,NA,TRUE
13285,"GA",2.003452401,4.135614147,9.613409122,4.385,NA,TRUE
13287,"GA",1.258161608,2.491651046,9.649578196,3.8341,NA,TRUE
13291,"GA",1.514505193,3.24311229,9.238494788,4.4978,NA,FALSE
13293,"GA",2.69470177,3.478586203,9.732883021,3.6529,1.020675618,FALSE
13295,"GA",1.935414046,4.085496949,9.453901441,4.365,NA,FALSE
13297,"GA",1.228116487,4.598236832,9.332370894,5.837,NA,FALSE
13299,"GA",1.47890585,2.754267966,9.540592536,3.9887,NA,TRUE
13315,"GA",1.538627075,2.247153791,9.490526316,3.6077,0.834757941,TRUE
13317,"GA",0.81828922,2.164648114,9.326633166,3.5106,NA,FALSE
13319,"GA",0.957015761,2.11075641,9.535759097,3.7583,NA,FALSE
13321,"GA",2.105704662,2.685579061,9.479477184,4.6076,NA,TRUE
15003,"HI",2.257274452,6.417766909,7.922660607,8.2906,NA,TRUE
15009,"HI",1.216656494,3.940969696,8.719035875,7.7117,NA,TRUE
16001,"ID",3.140782854,4.969299212,8.881713462,6.3137,NA,TRUE
16013,"ID",2.825984649,1.138479166,8.223093255,5.1968,NA,TRUE
16027,"ID",1.458894798,4.821786467,9.047188654,4.9143,NA,TRUE
16031,"ID",3.100747541,1.239761813,9.265565182,5.0918,NA,TRUE
16053,"ID",1.081626809,2.671775359,9.257416081,4.9306,NA,TRUE
16055,"ID",1.118503387,3.760741589,9.073659263,5.4457,NA,TRUE
16083,"ID",1.525868255,2.74217824,9.270580958,5.0778,0.698289681,TRUE
16087,"ID",1.092885651,0.996920689,8.233944954,3.7206,NA,TRUE
17001,"IL",0.935977689,3.410992792,9.168590504,5.1398,NA,TRUE
17007,"IL",1.811932153,4.310781524,9.357913811,6.6898,0.480244443,FALSE
17017,"IL",0.900022234,2.640149371,9.125393407,5.1997,NA,TRUE
17019,"IL",1.273058007,4.355795849,7.874354392,5.1692,NA,TRUE
17021,"IL",0.381350282,2.941331827,9.183133021,5.2415,NA,TRUE
17027,"IL",1.056196679,3.426018682,9.304798255,6.501,NA,FALSE
17031,"IL",4.415608048,7.659961295,6.996357123,6.2088,2.793889734,TRUE
17037,"IL",1.645711046,4.163792967,8.873381238,6.1086,NA,FALSE
17043,"IL",1.800666728,6.985641744,8.400382006,8.8711,1.596517321,TRUE
17073,"IL",1.133731095,3.164859758,9.366742998,5.725,NA,TRUE
17077,"IL",1.536296719,3.684033052,8.851993581,3.7802,NA,TRUE
17079,"IL",1.167647882,2.02445495,8.815101205,5.4951,NA,TRUE
17081,"IL",2.421399208,3.267533024,9.311568938,4.7617,0.813922852,TRUE
17089,"IL",2.370763367,5.946851302,8.953212194,7.6912,0.87625429,TRUE
17091,"IL",1.73421607,4.170440723,9.125449186,5.7981,0.93707778,FALSE
17093,"IL",1.946161971,4.92936732,9.10378332,9.1764,NA,FALSE
17095,"IL",1.768116641,3.350633147,9.144176305,4.3709,NA,TRUE
17097,"IL",2.364064208,6.417034987,8.523236247,8.6244,1.780664902,TRUE
17099,"IL",1.110451482,3.657136421,9.341398384,5.6243,NA,FALSE
17109,"IL",1.083871061,3.061664621,8.485356925,4.3724,NA,TRUE
17111,"IL",2.060309241,5.286465047,8.917429019,8.4803,NA,TRUE
17113,"IL",1.729246749,4.013251628,8.949733409,6.5813,NA,TRUE
17115,"IL",1.605800816,4.299325207,9.285000106,5.0444,0.516366923,TRUE
17119,"IL",2.146487298,4.978765653,9.2517882,5.789,2.205370809,TRUE
17133,"IL",0.882567506,3.498034242,9.189479638,8.1268,0.594056103,FALSE
17141,"IL",1.905178706,3.304286855,9.208732912,5.9707,NA,FALSE
17143,"IL",1.617787999,4.756057551,9.126843297,5.477,NA,TRUE
17145,"IL",0.981258233,2.972160033,9.524901286,4.8298,NA,FALSE
17157,"IL",0.824961393,3.111691896,9.327876594,5.2107,NA,FALSE
17161,"IL",2.027481249,4.891968523,9.143087633,5.263,NA,TRUE
17163,"IL",2.470988336,5.065892432,8.992546646,5.3681,2.173805911,TRUE
17167,"IL",2.124593901,4.475123476,9.137890708,6.0466,NA,TRUE
17177,"IL",2.833576535,3.48528293,9.000478698,4.8016,NA,FALSE
17181,"IL",1.733782481,2.811190876,9.34680518,4.9182,NA,TRUE
17187,"IL",1.607097105,2.534048364,8.765276553,4.9607,NA,TRUE
17195,"IL",1.031501905,3.496771486,9.363342069,5.3828,NA,TRUE
17197,"IL",2.502348288,5.744886439,9.005341877,8.3504,1.441509812,TRUE
17199,"IL",1.710992364,4.110541349,9.210231254,4.9053,NA,TRUE
17201,"IL",2.285189659,5.40299715,9.280360855,5.2743,NA,TRUE
18003,"IN",1.626887089,5.340993387,9.304289437,5.3402,1.291103225,TRUE
18005,"IN",2.276117601,4.288641897,9.350044309,5.9045,NA,FALSE
18011,"IN",1.743367415,3.945651576,9.19427118,8.0567,2.071754591,FALSE
18015,"IN",1.693545166,3.040058344,9.436341704,5.6429,NA,TRUE
18017,"IN",1.745594959,3.597392619,9.530653626,4.7545,NA,TRUE
18019,"IN",1.779079799,4.737498462,9.382367971,5.424,0.727838491,FALSE
18027,"IN",1.124803558,3.348185437,9.042016807,5.1032,0.742764531,TRUE
18029,"IN",1.389309394,4.14864253,9.393582931,6.5096,NA,FALSE
18031,"IN",1.081763547,3.283729225,9.468085106,5.4622,1.265405472,FALSE
18035,"IN",1.380725145,4.752416691,8.770702483,4.2705,1.939202393,TRUE
18039,"IN",1.469878501,5.104044404,9.247633549,5.5399,NA,TRUE
18043,"IN",2.230608683,5.27117626,9.375414577,6.1754,NA,TRUE
18047,"IN",1.609820112,3.143610387,9.36181868,5.8382,NA,FALSE
18049,"IN",0.958477457,3.083646537,9.320293927,4.9333,NA,TRUE
18053,"IN",1.627154751,4.17942338,8.746179519,4.2593,NA,FALSE
18055,"IN",1.392212736,3.16141865,9.696534902,4.9177,NA,TRUE
18057,"IN",2.728878312,5.5942754,9.016199889,9.4644,1.356810128,TRUE
18059,"IN",1.885357435,4.480988557,9.45883905,7.3142,NA,FALSE
18061,"IN",1.823081092,3.445804211,9.493583472,5.7132,NA,FALSE
18063,"IN",2.956879575,4.927325668,9.307076359,7.8355,1.764912139,FALSE
18067,"IN",2.027481249,4.69158463,9.425134799,5.0869,NA,FALSE
18071,"IN",1.651242641,3.469622967,9.474360241,4.9506,NA,TRUE
18079,"IN",1.383847026,3.375743502,9.450263782,4.9801,NA,TRUE
18081,"IN",2.73309499,5.125614149,9.356465631,6.8712,2.065617834,TRUE
18089,"IN",2.659433116,5.95015959,9.161331023,5.4249,1.275619558,TRUE
18091,"IN",1.812838204,4.275739641,9.224688355,5.1101,NA,FALSE
18093,"IN",1.49110939,3.680255082,9.525970503,5.2092,NA,TRUE
18095,"IN",2.137084259,4.722648209,9.280574242,4.7436,1.23968322,FALSE
18097,"IN",4.02777911,6.780092252,9.168268356,4.6692,2.309897889,TRUE
18105,"IN",1.189890511,4.905525685,8.206337928,4.7075,NA,FALSE
18109,"IN",1.27524436,4.187333093,9.457280866,6.2462,NA,FALSE
18111,"IN",1.505744192,2.616585934,9.451666667,5.3146,1.279043359,FALSE
18113,"IN",1.686918054,3.799378754,9.437859354,5.5033,2.533584435,FALSE
18127,"IN",1.455935744,5.022210212,9.156309812,6.8044,NA,TRUE
18131,"IN",1.252756663,2.479270284,9.071389246,4.837,NA,FALSE
18133,"IN",1.644756949,3.417828287,8.969350584,5.6169,NA,TRUE
18137,"IN",1.278420135,3.215829685,9.348945117,5.6295,NA,FALSE
18141,"IN",2.421399208,5.416549947,9.022351459,5.0938,NA,TRUE
18145,"IN",1.990551949,3.73120089,9.424404517,5.9214,NA,FALSE
18157,"IN",1.547212434,4.893901133,8.523283303,5.1844,NA,TRUE
18163,"IN",1.548684672,5.694331616,9.302374253,4.6943,NA,TRUE
18167,"IN",1.786230167,4.637113076,9.143426713,4.3859,NA,TRUE
18173,"IN",1.540137477,4.092485917,9.493372892,7.0648,1.837577053,FALSE
18175,"IN",1.01461428,3.055931519,9.32885906,4.7078,NA,FALSE
18181,"IN",2.001701321,2.935789764,9.266071429,5.5086,NA,TRUE
19015,"IA",1.314706717,2.877513881,9.308342521,6.1111,NA,FALSE
19017,"IA",1.19974276,3.06914835,8.689639006,6.8023,NA,TRUE
19021,"IA",2.630095598,2.610528584,8.76793908,5.4556,NA,TRUE
19039,"IA",1.337737668,2.118115583,9.210061783,5.1571,NA,TRUE
19045,"IA",1.359683311,3.306497475,9.045323482,5.0156,NA,TRUE
19047,"IA",4.063823927,2.223797865,9.135443038,5.3609,NA,TRUE
19049,"IA",1.87046292,3.770313217,9.352203606,8.479,NA,FALSE
19061,"IA",1.000000063,4.08502271,9.055021518,6.1321,NA,TRUE
19077,"IA",1.200502292,1.968633582,9.029721956,5.7075,NA,TRUE
19099,"IA",1.789582405,2.969120758,9.094688222,5.5727,NA,FALSE
19103,"IA",1.306787428,4.410338554,7.9325098,6.164,NA,TRUE
19113,"IA",1.535635146,4.734122229,9.338981314,6.4862,1.028192942,TRUE
19115,"IA",1.464260645,2.392704064,9.332597904,5.3943,NA,TRUE
19121,"IA",1.247982801,2.378692259,8.799467506,6.4512,NA,FALSE
19127,"IA",1.703992113,3.311037217,9.197932211,5.4027,NA,FALSE
19135,"IA",1.429747473,1.959398594,8.941535051,4.9549,NA,TRUE
19139,"IA",2.264366719,3.630347516,9.304908466,5.7348,NA,TRUE
19143,"IA",1.418899839,1.83387114,8.949903661,5.8125,NA,TRUE
19153,"IA",1.971901395,5.669102881,9.182154795,6.6044,NA,TRUE
19157,"IA",1.656644607,2.524508153,7.998341453,5.352,NA,TRUE
19163,"IA",2.100036251,4.93634134,9.256094796,5.8803,NA,TRUE
19171,"IA",2.159063433,2.252789762,9.02900983,5.5898,NA,TRUE
19173,"IA",3.761304184,1.522888058,8.977311209,4.8717,NA,TRUE
19179,"IA",3.939199767,3.461109808,9.352841868,4.5233,NA,TRUE
19183,"IA",1.735837729,2.690007816,8.806629834,6.1769,NA,TRUE
19193,"IA",1.693257477,3.811014302,9.278728367,5.5483,NA,TRUE
19197,"IA",2.039676936,2.174757467,9.094125973,5.0198,NA,TRUE
20009,"KS",1.102258264,2.479324905,9.28496082,5.0198,NA,TRUE
20031,"KS",0.78559316,1.667119107,9.309385277,5.8636,NA,TRUE
20045,"KS",1.2312385,4.54185404,8.649656405,5.5832,NA,FALSE
20057,"KS",2.843340258,2.476489708,9.510721836,5.3072,NA,TRUE
20085,"KS",2.346575127,2.069481424,9.21715121,5.5904,NA,TRUE
20091,"KS",2.205370809,6.095493298,9.191871304,8.4915,1.647447819,TRUE
20103,"KS",1.477161844,4.152455671,9.306198472,7.1184,NA,FALSE
20111,"KS",1.02027517,2.731042789,9.119057486,4.4191,NA,TRUE
20173,"KS",1.851782431,5.262170653,9.345744183,5.4974,NA,TRUE
20175,"KS",3.397367432,2.628824461,9.201992668,4.7025,NA,TRUE
20177,"KS",1.441247132,4.838535343,9.334108509,5.5199,NA,TRUE
20189,"KS",1.197786976,1.111441029,9.222614841,5.6507,NA,TRUE
20197,"KS",1.446210544,1.232091721,8.68641532,6.045,NA,TRUE
20209,"KS",2.213994682,5.994313329,9.443726096,4.4873,2.191239002,TRUE
21001,"KY",1.013484796,2.877684956,9.181679777,3.9346,0.819109083,TRUE
21003,"KY",1.20583917,3.108009475,8.997389654,4.0893,NA,TRUE
21015,"KY",1.317358117,5.226845448,9.222994315,7.5043,NA,TRUE
21019,"KY",0.887964547,4.784598493,9.323071831,4.6165,NA,TRUE
21029,"KY",1.508828701,4.570656246,9.494813627,6.0534,NA,FALSE
21031,"KY",1.729991816,2.442270866,9.442768055,4.0061,NA,TRUE
21037,"KY",1.079364753,5.440318747,8.979591837,5.9782,NA,TRUE
21047,"KY",1.688592707,3.683781668,8.653510191,4.1235,NA,TRUE
21059,"KY",1.409628576,4.399635443,9.485373537,4.9836,NA,FALSE
21067,"KY",2.566937888,5.998056782,8.798930803,5.4918,NA,TRUE
21083,"KY",2.425284787,3.257203095,9.557978584,4.1615,0.541554069,TRUE
21085,"KY",1.899589801,2.996399109,9.398460058,3.7906,NA,TRUE
21093,"KY",1.760653432,4.180228138,9.320706069,5.3168,NA,FALSE
21107,"KY",1.402814794,3.509289137,9.594228057,4.5738,0.981748369,TRUE
21109,"KY",0.8087513,2.714221705,9.331002331,3.2143,1.090062091,TRUE
21111,"KY",2.340601529,6.622965692,8.934124063,5.4357,2.238816503,TRUE
21117,"KY",2.066335917,5.952790661,9.07858349,6.1606,NA,TRUE
21177,"KY",2.200051806,3.259559695,9.763578836,4.311,NA,TRUE
21183,"KY",2.1597296,2.752059405,9.68352434,4.2826,NA,TRUE
21199,"KY",1.706551868,3.610411834,9.553156823,3.7921,NA,TRUE
21227,"KY",1.532229946,4.395946193,9.286437247,5.2007,NA,TRUE
22001,"LA",1.260938186,3.594751386,9.502227623,4.1177,NA,FALSE
22003,"LA",1.449307962,2.569334393,9.485155514,4.1009,NA,TRUE
22005,"LA",1.724796551,4.961123406,9.473136374,7.6589,1.103425635,FALSE
22007,"LA",2.453268688,3.284743541,9.443902439,4.4744,NA,TRUE
22009,"LA",1.366908257,2.971154108,9.41236972,3.8077,NA,TRUE
22011,"LA",1.093790447,2.476082076,9.488346049,5.0738,NA,TRUE
22013,"LA",2.179811683,1.921462322,9.370781624,3.03,1.532229946,TRUE
22015,"LA",1.879298792,3.984626532,9.432631399,5.3806,1.015950278,TRUE
22017,"LA",2.533584439,4.718983898,9.379300404,4.0866,1.302060735,TRUE
22019,"LA",1.940004544,4.248119218,9.424156987,4.9452,1.243562958,TRUE
22027,"LA",1.333804809,2.174164053,9.551482059,2.7303,NA,TRUE
22029,"LA",0.8087513,2.44544174,9.578839988,3.1813,NA,TRUE
22031,"LA",1.748680663,2.464230896,9.546101985,4.423,0.699921151,TRUE
22033,"LA",2.920733101,5.922147205,9.283513387,5.2719,1.268800679,TRUE
22037,"LA",1.405480341,2.848299966,9.709876543,4.8129,0.866481036,FALSE
22039,"LA",1.444553719,2.986155898,9.403991131,3.218,NA,TRUE
22041,"LA",1.134708837,2.552379753,9.33169391,3.5466,NA,TRUE
22045,"LA",1.66682135,3.897021104,9.522680997,4.5274,1.301060481,FALSE
22047,"LA",2.261702247,3.036766169,9.222372719,4.7797,1.000009257,FALSE
22051,"LA",2.749120252,6.336690042,9.324220431,5.2558,1.39221273,TRUE
22053,"LA",1.744973234,2.930055864,9.50247504,3.9653,NA,TRUE
22055,"LA",1.838147418,5.763208442,9.250123084,5.4726,0.732802194,TRUE
22057,"LA",3.175135277,3.5500136,9.17183923,5.3089,1.505744192,FALSE
22061,"LA",1.44134425,3.644163199,9.205788404,3.4154,NA,TRUE
22063,"LA",2.356545044,4.334184452,9.559825215,6.3159,NA,FALSE
22067,"LA",1.475063182,2.609296802,9.718814461,3.3333,NA,TRUE
22069,"LA",1.753238763,2.501375152,9.495972764,2.7795,NA,TRUE
22071,"LA",2.090518564,6.663848286,7.778930922,3.9576,1.047702861,TRUE
22073,"LA",2.00518333,4.577110239,9.482922201,4.1314,1.266188142,TRUE
22075,"LA",1.906107495,2.434240411,9.546731598,5.2386,0.90774244,FALSE
22077,"LA",1.506858911,2.759763751,8.910636394,4.4269,1.068751307,FALSE
22079,"LA",1.606225021,3.652125768,9.218132668,4.4852,NA,TRUE
22083,"LA",1.071573468,2.661216327,9.614235615,3.4422,NA,TRUE
22087,"LA",3.14997568,3.603140401,9.527593103,4.6011,0.929028556,FALSE
22089,"LA",4.055680557,4.290726581,9.409604753,6.662,0.728982942,FALSE
22093,"LA",1.742096864,3.564747723,9.310926259,5.0661,1.048399522,TRUE
22095,"LA",2.560368551,4.42146369,9.682239057,5.4821,1.043302207,FALSE
22097,"LA",1.83974031,3.550976891,9.41325411,3.3288,1.395912573,FALSE
22099,"LA",1.691582396,3.306951726,9.461172742,4.7974,1.017555129,FALSE
22101,"LA",1.617900172,3.637400758,9.378345622,4.0485,1.547212434,TRUE
22103,"LA",2.411679485,4.670323014,9.21936673,6.7706,2.05063885,FALSE
22105,"LA",3.371336767,4.079048844,9.403270798,4.6297,1.142807286,TRUE
22109,"LA",2.24511341,3.557106219,9.114501826,4.8866,1.343914424,TRUE
22111,"LA",1.350570502,2.302897866,9.435,4.3083,NA,TRUE
22113,"LA",0.898812422,2.949037956,9.23549317,5.069,NA,FALSE
22117,"LA",2.165885467,3.303249556,9.424233222,3.4985,1.121455262,TRUE
22119,"LA",2.269118068,3.289465731,9.434510063,3.0358,NA,TRUE
22121,"LA",1.973711829,3.865736433,9.621670953,6.0908,0.344753014,FALSE
22123,"LA",1.759849517,2.522331879,9.501651982,3.6528,NA,TRUE
22125,"LA",1.086021236,2.705507834,9.806382216,5.551,NA,FALSE
23001,"ME",1.137436435,4.487156962,9.13141879,5.1412,NA,TRUE
23005,"ME",1.584949179,4.869132473,8.465289006,6.9708,0.770411715,TRUE
23007,"ME",0.63311787,1.946190507,8.661691542,4.8053,NA,TRUE
23011,"ME",1.44998486,3.995716771,9.014067427,5.2929,NA,TRUE
23019,"ME",0.855841565,2.861800096,9.042380017,4.9374,NA,TRUE
23027,"ME",1.341217809,3.021228748,8.784887865,5.1564,0.631168347,TRUE
23031,"ME",1.700562986,4.341545518,9.034580902,6.5538,NA,FALSE
24001,"MD",1.350283614,4.224643908,9.301451024,4.4065,2.105036381,TRUE
24003,"MD",2.456291378,6.21527912,8.777262258,9.781,1.889562064,TRUE
24005,"MD",2.699283205,6.252884887,8.83478933,7.4127,2.322853065,TRUE
24009,"MD",1.63215628,5.079773529,9.037020906,10.4301,NA,TRUE
24011,"MD",1.737094337,3.688102624,9.418204965,5.4956,NA,FALSE
24013,"MD",1.518821959,4.971009836,9.201558724,9.3363,1.010946723,TRUE
24015,"MD",1.630610257,4.725063761,9.174356191,7.2845,NA,FALSE
24017,"MD",2.353672414,4.817154937,8.852662611,9.5924,1.787215098,FALSE
24021,"MD",3.272536733,4.916216766,8.818295865,9.1999,1.527916567,FALSE
24025,"MD",1.704277339,5.376512816,9.212892678,8.5942,NA,TRUE
24027,"MD",1.921170044,6.091459506,8.841633057,11.773,1.5201153,TRUE
24031,"MD",2.469634537,6.638266139,7.534775776,10.6287,2.955145512,TRUE
24033,"MD",3.005876565,6.537626839,7.832398813,8.1969,2.336248916,TRUE
24037,"MD",1.856586427,4.733259455,9.21494257,9.0438,NA,FALSE
24043,"MD",1.80795404,4.823067268,9.08345561,5.9719,NA,FALSE
24045,"MD",2.556964848,4.623080237,9.279102442,5.6608,NA,TRUE
24047,"MD",1.344436216,3.747722654,8.871896975,6.1145,NA,TRUE
24510,"MD",2.365818795,7.993616323,6.95889303,4.884,1.9926309,TRUE
25001,"MA",2.611970209,5.355213629,8.791999221,7.0621,1.375835972,TRUE
25003,"MA",2.919880705,4.001205033,8.559965747,5.6674,1.909830165,FALSE
25005,"MA",2.720793279,5.947366411,9.041567944,6.6157,1.853603094,TRUE
25009,"MA",3.570287471,6.36738978,8.322360597,7.5878,2.107817893,TRUE
25011,"MA",1.677751236,3.673900101,8.660255347,5.9522,0.497575511,FALSE
25013,"MA",3.193289335,5.669790505,9.024374189,5.3403,1.587821126,TRUE
25015,"MA",1.850752181,4.751518201,7.842467008,6.7044,NA,FALSE
25017,"MA",1.840599286,6.564738939,7.448454924,9.7012,2.135490047,TRUE
25021,"MA",1.826687895,6.482967115,7.521545752,9.9511,2.665170787,TRUE
25023,"MA",2.42364816,5.669658645,8.7171073,8.5654,1.763892304,TRUE
25025,"MA",2.440184402,8.475059508,4.811136221,6.4582,3.483014078,TRUE
25027,"MA",4.201074519,5.318527221,8.896011465,7.1895,1.757525585,TRUE
26005,"MI",1.082327737,3.953638045,9.374039298,5.9883,NA,FALSE
26007,"MI",1.095820083,2.994914603,9.219806173,4.1991,NA,TRUE
26015,"MI",1.213024616,3.721043907,9.353743953,6.1016,NA,FALSE
26017,"MI",1.476201984,4.544116971,9.369302569,4.8005,NA,TRUE
26021,"MI",1.282047115,4.669480181,9.075119842,4.9135,1.50574419,FALSE
26023,"MI",0.866481036,3.540995533,9.291449653,5.0536,NA,FALSE
26025,"MI",1.558286304,4.309884499,9.237205411,4.7426,NA,FALSE
26037,"MI",1.831111714,3.939355102,9.266602192,6.7482,NA,FALSE
26039,"MI",1.35989033,2.279159658,9.026548673,4.7443,NA,TRUE
26045,"MI",1.876813624,4.281325511,9.334762291,6.2474,NA,FALSE
26049,"MI",2.027481248,5.553314212,9.369115104,4.7006,1.174454512,TRUE
26057,"MI",1.454530286,3.362103996,9.033712145,4.4991,NA,TRUE
26059,"MI",1.47474452,3.405775342,8.889415232,4.8392,0.953168967,FALSE
26065,"MI",3.399900399,5.273098982,8.572158701,5.094,NA,TRUE
26069,"MI",2.271103305,2.901568883,9.180672269,4.2102,NA,TRUE
26073,"MI",1.241574252,3.85870909,8.634295794,4.4408,NA,TRUE
26075,"MI",2.027481249,4.479367364,9.329769921,5.1431,1.231960078,FALSE
26077,"MI",1.286860782,5.1479921,8.988624355,5.4431,0.720414265,TRUE
26081,"MI",2.42737648,5.615753069,9.058050892,6.0351,1.726457094,TRUE
26087,"MI",1.976480582,3.970891572,9.461680975,5.8952,0.841605039,FALSE
26091,"MI",1.0037172,3.940712296,9.271500379,5.3972,NA,FALSE
26093,"MI",1.489020888,4.817141576,9.350672589,8.0897,1.939202393,FALSE
26099,"MI",2.320850945,6.518500467,9.495073862,6.0466,1.728712033,TRUE
26103,"MI",1.121455262,2.66174484,8.897998224,5.0771,NA,TRUE
26115,"MI",2.541629535,4.671304577,9.408427877,6.1514,2.358609962,FALSE
26121,"MI",1.502075193,4.891590228,9.506127047,4.8329,2.936970234,FALSE
26123,"MI",1.764912126,3.135858903,9.240845797,4.6724,NA,FALSE
26125,"MI",2.784165743,6.282341594,9.308118081,7.6387,1.558286304,TRUE
26127,"MI",1.429747473,2.997421453,9.092983457,4.6217,NA,TRUE
26139,"MI",1.425667791,5.197187684,9.186172428,6.7468,NA,TRUE
26145,"MI",2.023051704,4.57051032,9.274273844,4.6919,1.391835849,FALSE
26147,"MI",2.399661189,4.469222089,9.445214979,5.524,NA,FALSE
26155,"MI",1.547212435,3.939675849,9.112978225,5.4742,NA,FALSE
26157,"MI",1.637389643,3.288090358,9.406802357,4.7694,0.861152972,FALSE
26161,"MI",2.827690271,5.239474173,7.981370012,6.9434,1.269480856,TRUE
26163,"MI",3.309982053,7.046151451,9.065076839,4.5321,1.768488761,TRUE
27003,"MN",2.001966937,5.710353889,9.045432654,7.9923,NA,TRUE
27005,"MN",1.177912719,2.255718965,8.73223635,5.9278,NA,TRUE
27009,"MN",2.397913315,3.593482481,9.103861649,5.6357,NA,TRUE
27017,"MN",1.140277061,2.763880929,9.243282764,6.039,NA,TRUE
27023,"MN",1.019519081,2.112139572,8.714521452,5.4552,NA,TRUE
27025,"MN",1.588150822,3.915046166,9.087206007,8.0409,NA,FALSE
27027,"MN",1.515181886,3.081500111,8.817652449,6.5,1.674711957,TRUE
27033,"MN",1.572765729,1.955284804,8.817345598,5.3354,NA,TRUE
27037,"MN",1.439597355,5.612140007,8.954151166,8.3288,NA,TRUE
27047,"MN",0.922307554,2.837128077,9.180993637,5.2447,NA,TRUE
27053,"MN",1.600501889,6.68929974,8.090136721,7.4113,1.501132853,TRUE
27059,"MN",1.375835972,3.511664577,9.277102252,7.2473,NA,FALSE
27061,"MN",1.521970796,1.875072487,9.042849193,5.3022,NA,TRUE
27063,"MN",1.121455262,1.729608748,8.812583925,5.701,NA,TRUE
27067,"MN",1.798872385,3.018861726,9.073901278,5.9089,NA,TRUE
27083,"MN",0.870852912,2.637018006,8.869244936,5.5525,NA,TRUE
27091,"MN",1.167941848,2.424410592,8.828006088,5.3915,NA,TRUE
27097,"MN",1.17827349,2.432998214,8.854320988,5.4962,NA,TRUE
27101,"MN",1.4698785,1.564519593,8.73263057,5.75,NA,TRUE
27105,"MN",2.466046716,2.446033314,9.019890458,5.4149,NA,TRUE
27109,"MN",1.784943465,4.445525017,8.554748346,7.488,NA,TRUE
27111,"MN",1.065786905,2.417616913,8.753755384,5.7131,NA,TRUE
27115,"MN",2.205370809,2.096672586,9.066677339,4.9138,NA,TRUE
27119,"MN",1.283147907,1.82289768,8.955252545,5.7151,NA,TRUE
27123,"MN",1.607194801,7.162565634,8.325571096,6.2304,NA,TRUE
27131,"MN",2.756671031,3.91126335,8.188966961,6.5758,NA,FALSE
27137,"MN",1.940531258,2.515628025,8.780133847,5.3344,1.000266445,TRUE
27145,"MN",2.873854651,3.768248162,8.736874798,6.0606,NA,TRUE
27153,"MN",2.373542248,2.31960354,8.813450614,5.2872,NA,TRUE
27163,"MN",1.771050377,5.477567555,9.069248624,9.2376,NA,TRUE
27169,"MN",1.381705416,3.45724767,8.570663812,5.5529,0.982655558,TRUE
28001,"MS",2.11678642,3.294631244,9.490146093,2.9203,NA,TRUE
28011,"MS",2.229102909,2.710697765,9.326723324,2.9912,NA,TRUE
28013,"MS",1.750438873,2.287317865,9.567454268,3.644,NA,TRUE
28015,"MS",2.574590442,1.873746557,9.577340769,4.306,NA,TRUE
28019,"MS",1.326639246,2.065776608,9.428093645,3.7203,NA,TRUE
28027,"MS",0.957015761,2.905640961,9.294406884,3.0009,NA,TRUE
28031,"MS",1.572324514,2.904633734,9.674457429,3.5931,NA,TRUE
28033,"MS",1.340012208,4.873347333,9.670636161,6.5169,NA,FALSE
28035,"MS",1.488419498,4.127850225,8.86823847,4.0675,NA,TRUE
28043,"MS",1.728761103,2.997604375,9.493030714,3.6877,NA,TRUE
28045,"MS",1.370681169,3.578000447,9.434591561,4.7543,NA,FALSE
28047,"MS",1.303634241,4.835153129,9.202682563,4.5566,NA,TRUE
28049,"MS",1.846513113,4.690327323,9.486515725,4.3005,NA,TRUE
28057,"MS",2.287365768,2.830759276,9.440042827,4.051,NA,TRUE
28059,"MS",1.922644862,4.312301646,9.636859127,5.1142,NA,TRUE
28063,"MS",1.346917849,1.746993088,9.528508772,2.0188,NA,TRUE
28065,"MS",1.568522413,2.468437968,9.542594385,3.0083,NA,TRUE
28071,"MS",1.035329647,3.365262527,9.17222964,4.7132,NA,TRUE
28073,"MS",1.771449368,3.766626281,9.194880115,5.8188,NA,TRUE
28075,"MS",1.364570435,3.78512793,9.445359519,4.1704,0.779470922,TRUE
28079,"MS",1.986247334,2.757809858,9.508515815,3.3482,NA,TRUE
28081,"MS",1.102048844,4.264719106,9.609294183,4.7978,NA,TRUE
28085,"MS",1.443026433,3.134184211,9.564665768,4.0355,NA,TRUE
28089,"MS",1.435893884,3.940521739,9.556676142,7.169,NA,TRUE
28091,"MS",1.510116359,2.959219479,9.282626475,3.1446,NA,TRUE
28095,"MS",1.758030979,2.926723718,9.4395218,4.094,NA,TRUE
28099,"MS",1.612539712,3.000557458,9.357870008,3.6875,NA,TRUE
28103,"MS",1.826457333,1.858243501,9.623905204,3.6,NA,TRUE
28105,"MS",1.076830207,3.693118338,9.207368265,3.88,NA,TRUE
28107,"MS",1.048399527,2.973413957,9.557792992,3.6563,NA,TRUE
28109,"MS",1.541195943,3.280385829,9.385007794,4.582,NA,TRUE
28113,"MS",1.180148817,3.641279973,9.378791201,3.091,NA,TRUE
28121,"MS",1.178912027,4.255739647,9.65905029,6.4557,NA,TRUE
28123,"MS",1.900144006,2.885569245,9.615558981,3.3735,NA,TRUE
28127,"MS",1.068751307,2.89169376,9.708424352,3.7946,NA,TRUE
28129,"MS",1.601250546,2.303321975,9.189440994,4.1657,NA,TRUE
28133,"MS",1.574877645,2.790928772,9.397379913,3.0029,NA,TRUE
28139,"MS",0.870042447,2.931170019,9.407213562,3.9839,NA,TRUE
28141,"MS",1.243562958,2.880941031,9.835107764,3.7312,NA,TRUE
28145,"MS",2.067465223,3.227170679,9.81251051,4.1287,NA,TRUE
28151,"MS",1.167189145,3.304795647,9.670884572,3.0834,NA,TRUE
28157,"MS",1.532229946,1.727108033,9.539227895,2.6599,NA,TRUE
28163,"MS",2.156624006,2.463053685,9.613875174,3.1402,NA,TRUE
29007,"MO",2.558657536,2.655992,9.05557128,4.3761,NA,TRUE
29019,"MO",1.224590858,4.51763109,8.936990201,5.4043,NA,TRUE
29029,"MO",0.987132504,3.254294227,9.233676021,5.2087,NA,TRUE
29031,"MO",1.031501899,3.92203797,9.315524056,5.173,NA,TRUE
29047,"MO",1.004368697,5.37381703,9.230320558,6.8367,NA,TRUE
29051,"MO",1.213618203,4.310987023,9.507057429,5.7587,NA,TRUE
29071,"MO",1.868329725,3.748798355,9.413410633,5.5312,NA,FALSE
29077,"MO",1.912025613,5.05834204,9.216051748,4.4808,NA,TRUE
29095,"MO",2.045970476,6.065227355,9.04769079,5.2805,1.166707648,TRUE
29099,"MO",1.265759315,4.856834855,9.505757715,6.303,NA,FALSE
29101,"MO",0.783106432,3.198163151,8.989578275,5.3056,NA,FALSE
29107,"MO",0.948565666,3.020859062,9.111199947,5.4661,NA,FALSE
29113,"MO",0.77181818,3.477933617,9.540123457,6.1628,NA,FALSE
29133,"MO",0.93725746,2.60039823,9.371205551,3.2846,NA,TRUE
29135,"MO",1.589167853,2.675481894,9.198664441,5.4828,NA,TRUE
29157,"MO",1.011301237,2.737060397,9.612403101,5.4964,NA,TRUE
29159,"MO",1.491388013,3.173190699,9.246953385,4.4382,NA,TRUE
29165,"MO",0.972346536,4.407643047,9.254137819,7.6912,NA,FALSE
29183,"MO",1.996354482,5.514838801,9.267769712,8.1411,1.021977844,TRUE
29189,"MO",2.571853672,6.632723604,8.998245227,6.53,2.044450136,TRUE
29195,"MO",1.100444383,2.480170152,9.231888275,4.3201,NA,TRUE
29211,"MO",1.186599608,1.386435228,9.074923547,4.2604,NA,TRUE
29510,"MO",1.881894159,7.596551232,8.014057432,4.1107,0.988016279,TRUE
30029,"MT",1.435893884,1.931596676,8.782096736,5.2966,NA,TRUE
30031,"MT",1.908210134,2.586185302,8.29542133,6.1499,NA,TRUE
30101,"MT",1.054727182,0.070516044,7.307871449,4.6823,NA,TRUE
30111,"MT",1.745398377,3.077134368,9.211098679,5.9117,NA,TRUE
31001,"NE",1.78596454,3.067999352,9.214992928,5.1536,NA,TRUE
31019,"NE",1.345453696,2.911610562,9.229439459,5.6952,NA,TRUE
31023,"NE",1.100444384,1.712286267,8.937836515,5.5562,NA,TRUE
31037,"NE",2.476807653,2.288707601,8.522054611,5.6528,NA,TRUE
31043,"NE",2.035717968,3.423997143,9.187345526,5.5017,NA,TRUE
31047,"NE",2.848676348,2.226881789,9.387636243,5.3769,NA,TRUE
31053,"NE",1.469878501,3.288201417,9.408772697,5.3101,NA,FALSE
31055,"NE",1.726457094,6.409959134,9.167140201,6.1688,NA,TRUE
31067,"NE",0.443400489,2.314192626,9.00923361,5.1662,NA,TRUE
31079,"NE",2.344200226,3.723808533,9.425008098,5.4742,1.457170005,TRUE
31109,"NE",2.128291988,4.879539101,9.044513007,5.8009,NA,FALSE
31119,"NE",1.915169242,3.157464543,9.231829712,5.2857,NA,TRUE
31141,"NE",2.526217294,2.915898722,9.192621538,6.2617,NA,TRUE
31151,"NE",2.468264636,2.256683994,9.033153206,5.1143,NA,TRUE
31153,"NE",1.580514672,5.547576492,9.495213138,7.9549,NA,TRUE
31155,"NE",1.37755925,2.369708078,9.222663832,6.6718,NA,FALSE
31185,"NE",1.657973146,2.220910289,8.94760412,5.9779,NA,TRUE
32003,"NV",2.292997007,4.558804524,8.897769971,5.6802,1.4420729,TRUE
32031,"NV",2.642296258,3.25102079,8.947114843,6.1155,2.30535805,FALSE
32510,"NV",1.221958161,4.994004309,9.238729051,5.2034,NA,TRUE
33003,"NH",1.647447821,2.987179338,8.975590586,6.1116,NA,TRUE
33005,"NH",1.129421451,3.740875752,8.53505769,6.3057,NA,FALSE
33009,"NH",1.724341513,3.00254629,8.370003304,6.3153,NA,TRUE
33011,"NH",2.514538354,5.173843134,8.998968102,7.8655,1.442072893,TRUE
33013,"NH",1.79380311,4.103151103,8.903108096,7.2478,NA,FALSE
33015,"NH",2.072020034,5.100323948,8.968197422,9.0429,NA,TRUE
33017,"NH",1.133422791,4.858719692,8.802675787,7.065,NA,FALSE
34001,"NJ",2.860704258,5.250995198,8.53031638,5.9989,1.597512154,TRUE
34003,"NJ",3.282263637,7.313088694,7.618289745,9.5837,2.49406043,TRUE
34005,"NJ",3.025535429,5.379701697,9.042626433,8.4992,1.29585516,TRUE
34007,"NJ",2.654843126,6.798306899,8.601884395,6.7118,1.837577053,TRUE
34009,"NJ",2.008352581,5.006396987,8.675334056,6.369,0.909733671,TRUE
34011,"NJ",2.119843976,4.830227513,9.207668871,5.2593,NA,FALSE
34013,"NJ",2.995504477,7.782506468,6.914594305,5.9302,1.515213967,TRUE
34015,"NJ",2.227895827,5.845494261,9.178565998,8.516,1.853603094,TRUE
34017,"NJ",3.840778863,8.575785293,4.527495315,6.6289,2.06609357,TRUE
34019,"NJ",1.949296872,4.752154801,8.585198573,11.2535,1.733093707,FALSE
34021,"NJ",2.308805697,6.44600426,8.277962567,7.999,1.870287343,TRUE
34023,"NJ",2.911867599,6.919898622,8.212421948,8.5954,1.631286384,TRUE
34025,"NJ",3.578922645,6.252264366,8.330458378,9.5699,1.803090669,TRUE
34027,"NJ",2.778505992,6.023530827,8.628418624,11.1316,1.545101153,TRUE
34029,"NJ",2.62160343,5.869410735,9.038356823,6.8021,1.264134698,TRUE
34031,"NJ",3.791708557,6.955006847,8.309345157,6.6476,2.234507793,TRUE
34033,"NJ",1.649695078,4.34218382,9.305166269,6.4309,NA,FALSE
34035,"NJ",2.043690409,6.025319585,8.6382526,11.1772,1.61194432,TRUE
34037,"NJ",1.767808969,4.709894992,9.11086703,9.052,1.376845864,FALSE
34039,"NJ",3.568461943,7.60784688,7.661180551,7.7095,2.151760119,TRUE
34041,"NJ",2.447219388,4.767115545,9.050377881,7.8145,1.643999133,FALSE
35001,"NM",1.90357119,5.395330385,8.987182349,5.1643,1.549099079,TRUE
35006,"NM",1.311474043,0.839229063,8.440159431,3.7368,NA,FALSE
35013,"NM",1.125090947,3.054819449,9.162812263,3.9164,NA,FALSE
35031,"NM",2.344916886,1.622351703,8.43219243,3.1674,NA,FALSE
35035,"NM",2.897291705,1.314983889,9.261913987,4.2752,NA,FALSE
35043,"NM",1.952560346,2.616610214,9.170477578,5.942,NA,FALSE
35045,"NM",1.821025158,2.20909859,9.414418027,5.0582,1.700290658,TRUE
35049,"NM",1.609183119,3.372543561,8.751000801,5.9192,NA,FALSE
36001,"NY",1.330444065,5.414593713,8.456927501,6.4535,1.508828704,TRUE
36007,"NY",2.066829855,4.698131114,8.924784159,5.0859,NA,TRUE
36009,"NY",1.265704674,3.165560882,9.122721602,4.724,NA,FALSE
36011,"NY",1.90186771,3.799471391,9.0701863,5.6579,NA,FALSE
36015,"NY",1.150364022,4.433149847,9.22816409,5.3299,NA,TRUE
36017,"NY",1.475514266,3.082419309,8.947000745,5.0595,NA,FALSE
36019,"NY",1.571798125,3.419472108,9.081088784,5.5178,NA,TRUE
36021,"NY",1.432475211,3.647598517,8.516099742,6.3032,1.322678557,FALSE
36025,"NY",1.905979342,2.552794827,8.299605383,4.8827,NA,FALSE
36027,"NY",2.433873999,4.972341887,8.345146445,7.8028,1.814161841,TRUE
36029,"NY",2.479717097,5.82986921,8.947937235,5.5673,1.658125601,TRUE
36031,"NY",1.688592692,2.136775902,8.771460821,5.6196,NA,TRUE
36037,"NY",2.027481249,3.85138359,9.215134244,5.9338,NA,FALSE
36043,"NY",1.735027749,2.870675057,8.909473835,5.1862,NA,TRUE
36045,"NY",1.538627075,3.566003248,8.737968317,5.2268,NA,TRUE
36051,"NY",1.333804809,3.688003691,8.872175116,5.6071,NA,FALSE
36053,"NY",1.007606275,3.768203847,8.767933513,6.0228,NA,FALSE
36055,"NY",2.239591061,6.080608614,8.885000377,5.7479,1.486551958,TRUE
36057,"NY",1.026085296,3.873452869,8.863065029,4.5837,NA,FALSE
36059,"NY",4.988498704,7.504685327,7.587958779,11.124,4.002735683,TRUE
36063,"NY",1.772155618,5.075194256,9.315187432,5.4085,NA,TRUE
36065,"NY",1.873747289,4.314787435,9.041026153,5.3844,NA,FALSE
36067,"NY",1.854568606,5.445259668,8.792013908,5.9225,0.954193821,TRUE
36069,"NY",1.589832693,4.169793792,9.098722069,6.3359,NA,FALSE
36071,"NY",2.365264711,5.178065529,8.475741988,7.6716,1.587528905,TRUE
36075,"NY",0.985532025,3.902819139,9.150766284,5.3597,NA,FALSE
36077,"NY",1.201354996,3.177950958,8.360512203,5.3121,NA,TRUE
36079,"NY",1.816993734,5.118935026,8.514092583,10.2186,1.310058055,TRUE
36083,"NY",1.170227414,4.546994761,8.938282207,6.5851,NA,FALSE
36087,"NY",4.287765867,6.541634533,8.258653554,9.1108,3.250367313,TRUE
36089,"NY",1.50781315,2.780387981,8.779876239,4.9305,NA,TRUE
36091,"NY",2.169918316,4.650927045,9.090024948,8.0839,NA,FALSE
36093,"NY",1.282153266,5.677118791,8.90055974,6.3785,1.137436434,TRUE
36101,"NY",1.528967118,3.313659621,9.078778669,5.1789,NA,TRUE
36103,"NY",3.35159065,6.449183176,8.7590384,9.6675,2.364671724,TRUE
36105,"NY",1.843943994,3.431617822,9.027082491,5.6256,NA,FALSE
36109,"NY",1.868894009,4.414216186,7.146649108,5.8743,NA,FALSE
36111,"NY",2.946684558,4.137955646,8.505642648,6.3348,NA,FALSE
36113,"NY",1.397998869,3.376323605,9.117458486,5.9813,NA,TRUE
36117,"NY",1.363842897,4.093681835,9.267444574,5.5765,NA,FALSE
36119,"NY",3.370732379,6.746689171,6.63520141,9.2758,4.470019946,TRUE
37001,"NC",1.51821408,4.924649506,9.471502033,4.5735,NA,FALSE
37009,"NC",1.186599613,3.207537038,9.137959453,4.0978,NA,FALSE
37017,"NC",1.693257477,2.743408477,9.502284203,3.2378,NA,FALSE
37021,"NC",0.90774244,4.94252329,8.668528712,5.0668,NA,TRUE
37023,"NC",2.034267023,4.237287089,9.524203669,4.2516,NA,FALSE
37025,"NC",1.913224895,5.246996903,9.254633648,6.4174,NA,TRUE
37033,"NC",1.294870469,3.0704735,9.555040067,4.3961,NA,FALSE
37035,"NC",1.275619553,5.00711359,9.35331984,5.1157,NA,TRUE
37045,"NC",1.299980057,4.401436542,9.547612903,4.0393,NA,FALSE
37047,"NC",1.699762856,3.175237154,9.616038757,3.6398,1.517440409,FALSE
37049,"NC",1.230311368,4.03192624,9.226390464,5.087,NA,TRUE
37051,"NC",1.744241413,5.242115935,8.944888343,4.5716,NA,TRUE
37057,"NC",1.569360751,4.734333707,9.439216227,4.7271,NA,FALSE
37061,"NC",1.23196008,3.320530981,9.468285535,3.885,NA,TRUE
37063,"NC",1.289046854,5.889641134,8.747328249,5.819,NA,TRUE
37065,"NC",1.674711952,3.76603858,8.971344946,3.5516,NA,TRUE
37067,"NC",2.279576981,5.804318907,9.172047571,5.0128,NA,TRUE
37069,"NC",1.610568341,3.862877678,9.2965394,5.3175,1.421602326,FALSE
37071,"NC",1.708946175,5.40938843,9.459224716,4.9384,NA,TRUE
37077,"NC",2.24533471,3.773211402,9.387199627,5.5628,NA,FALSE
37081,"NC",1.619176999,5.676908514,9.157828561,5.1072,0.942958239,TRUE
37083,"NC",1.114414499,3.372890492,9.512208125,3.4251,NA,TRUE
37089,"NC",1.54183906,4.704737112,9.10899637,5.2815,1.542581566,FALSE
37091,"NC",2.113080932,3.295010869,9.282877317,3.7005,NA,TRUE
37097,"NC",1.696601194,4.675412022,9.233877881,5.8198,NA,FALSE
37101,"NC",2.191436331,4.411602556,9.227293473,5.6842,0.629544791,FALSE
37105,"NC",2.145817888,4.473127846,9.561250095,4.8873,NA,FALSE
37119,"NC",2.469709889,6.518880414,8.686579815,6.4312,1.32802273,TRUE
37125,"NC",3.063139648,3.888247878,9.139950227,5.7899,NA,FALSE
37127,"NC",1.270639863,4.226460524,9.413314972,4.8362,NA,FALSE
37129,"NC",1.259098938,6.01259904,8.932566464,5.2716,NA,TRUE
37131,"NC",0.911171515,2.766402836,9.452622553,3.5499,NA,TRUE
37133,"NC",1.570367569,4.499681863,8.564336373,4.9491,NA,FALSE
37135,"NC",1.473209182,4.866109821,7.470334186,6.8211,NA,FALSE
37141,"NC",1.743121723,3.14325263,9.192484906,5.2989,NA,FALSE
37147,"NC",1.438698462,4.600941126,9.270992459,4.4315,NA,TRUE
37151,"NC",1.332441799,4.247664858,9.472237493,4.5006,NA,FALSE
37153,"NC",1.432475211,3.637708775,9.476464101,3.6091,NA,TRUE
37155,"NC",3.199094796,3.999553385,9.663592428,3.3679,NA,FALSE
37159,"NC",1.860391001,4.64935205,9.352008773,4.8667,1.753238763,FALSE
37161,"NC",1.319159013,3.837489946,9.420702389,4.0347,NA,FALSE
37179,"NC",1.09106332,4.812728516,9.045386017,7.5397,NA,FALSE
37183,"NC",2.098374243,6.031905989,8.789701685,7.6956,NA,TRUE
37191,"NC",1.954264688,4.449701426,9.428746929,4.2192,1.532229946,TRUE
37195,"NC",1.730244717,4.444879353,9.32755007,4.285,NA,FALSE
37197,"NC",2.767370632,3.790695237,9.373056995,4.2876,NA,FALSE
38015,"ND",0.70954166,2.956384749,9.383828978,6.9719,NA,TRUE
38017,"ND",1.902117261,3.489385866,9.179252327,6.2031,NA,TRUE
38035,"ND",1.743121723,2.888839335,8.998909318,5.1951,NA,TRUE
38061,"ND",0.976130003,0.4843111,8.427063133,7.0678,NA,TRUE
38089,"ND",0.824961393,1.945925119,9.049297953,7.5708,NA,TRUE
39003,"OH",1.534859742,4.624974628,9.44104361,5.0552,1.167647882,TRUE
39007,"OH",1.728284029,4.022295962,9.386145228,4.4823,1.383847026,FALSE
39013,"OH",2.04556541,3.933410229,9.469311928,4.9361,NA,FALSE
39017,"OH",1.342744411,5.718089806,9.216634807,6.3358,NA,TRUE
39023,"OH",1.539302535,4.900638896,9.160224877,4.8502,NA,FALSE
39025,"OH",1.557627625,5.127243345,9.268796295,6.4822,NA,TRUE
39027,"OH",1.102258264,3.681780256,9.179824097,5.1354,NA,FALSE
39029,"OH",2.283226731,4.360317015,9.44247967,4.6306,1.316541678,FALSE
39033,"OH",1.601250546,3.73945084,9.432441148,4.2892,NA,TRUE
39035,"OH",2.650568304,6.985711672,8.74264834,4.8435,1.461381974,TRUE
39037,"OH",1.305169375,3.531861777,9.216331906,5.2691,0.629544794,FALSE
39041,"OH",1.575125968,5.022596213,8.969058775,10.4322,NA,TRUE
39045,"OH",1.351991439,4.717385076,9.321551384,6.6175,NA,FALSE
39049,"OH",2.414555198,6.738218924,8.928757134,5.8762,1.350283613,TRUE
39055,"OH",1.448284901,4.501000925,8.982350812,7.9956,NA,FALSE
39061,"OH",2.215643325,6.637544695,8.778202391,5.4976,1.170447264,TRUE
39075,"OH",1.937062684,3.656180288,7.611863973,6.2111,NA,FALSE
39077,"OH",1.267618667,3.846742424,9.350257213,5.1559,NA,FALSE
39085,"OH",1.805775762,5.967240999,9.361511489,6.3475,NA,TRUE
39089,"OH",1.511486073,4.545286559,9.143010307,6.2715,NA,FALSE
39093,"OH",1.524376491,5.467743724,9.199052473,5.6965,NA,TRUE
39095,"OH",2.583059037,6.215535774,9.242792264,4.6924,1.104459165,TRUE
39099,"OH",2.001361419,5.411716567,9.270814954,4.4682,0.974686994,TRUE
39101,"OH",4.417029598,4.152504773,9.390338614,4.5464,NA,FALSE
39103,"OH",1.616381161,5.062043214,9.289429402,7.4243,1.432475211,TRUE
39109,"OH",1.296857948,4.578242124,9.368272909,5.7544,0.957015761,FALSE
39111,"OH",1.663525465,2.518114941,9.368932039,4.3956,1.191725191,FALSE
39113,"OH",2.27981104,6.104057389,9.058816665,4.9314,NA,TRUE
39123,"OH",1.994922052,4.139122068,9.324523534,5.7918,NA,FALSE
39129,"OH",1.700290652,3.7588007,9.478814078,6.2214,NA,FALSE
39133,"OH",1.480295203,4.851059241,9.104127347,5.6618,0.90934234,FALSE
39137,"OH",1.7196467,3.318006456,9.434248092,6.2001,0.74276453,TRUE
39139,"OH",1.893631678,4.575106718,9.334250234,4.7346,NA,FALSE
39141,"OH",1.674711952,3.778117269,9.449767954,4.8403,NA,TRUE
39149,"OH",0.940807001,3.846047002,9.403628304,6.1042,NA,TRUE
39151,"OH",2.111341191,5.529748985,9.270934386,5.219,1.803090669,TRUE
39153,"OH",2.036111644,6.228126375,9.251097283,5.5448,0.847905182,TRUE
39155,"OH",1.8638755,4.877726022,9.474079466,4.5975,1.18659961,FALSE
39157,"OH",1.220464787,4.142716837,9.315739387,5.117,NA,FALSE
39165,"OH",1.416203603,5.321208109,9.242566282,8.333,2.358609974,TRUE
39167,"OH",1.458466181,3.63080474,9.174128979,4.8572,1.048399522,TRUE
39169,"OH",1.598408258,4.378012154,8.95198761,5.6348,1.025145398,FALSE
39171,"OH",0.905549107,3.541671681,9.367211615,4.9491,NA,FALSE
39173,"OH",1.422762439,4.363111508,9.165092843,5.9789,1.615569098,FALSE
40001,"OK",1.066143397,2.726000244,9.278557114,3.2986,NA,TRUE
40015,"OK",1.505744192,2.190598607,9.283793474,4.4588,NA,TRUE
40017,"OK",1.612539711,3.9070888,9.405988982,7.1157,NA,FALSE
40019,"OK",1.44774726,3.106077175,9.439754038,4.9216,NA,TRUE
40023,"OK",2.209912611,2.030872668,9.288419374,3.2129,NA,TRUE
40027,"OK",2.43417878,5.211039953,9.268343395,6.2863,1.346917849,TRUE
40031,"OK",0.777122157,3.802426609,8.513368793,5.2227,NA,TRUE
40037,"OK",0.74276453,3.34751544,9.347653142,4.9578,NA,FALSE
40041,"OK",2.842572271,3.077299055,9.271113502,3.9742,1.505744192,TRUE
40055,"OK",0.668079042,1.326509841,9.090449722,3.8322,NA,TRUE
40071,"OK",1.105159749,2.972807715,9.327021357,4.5426,NA,TRUE
40089,"OK",2.373833601,1.934231108,9.640399738,3.5829,NA,TRUE
40109,"OK",2.065367767,5.96985284,9.289018986,5.2855,0.929844487,TRUE
40113,"OK",1.218447184,2.099176543,9.417527705,4.7789,NA,FALSE
40125,"OK",1.202741021,3.527512485,9.196770802,4.7683,NA,FALSE
40131,"OK",0.959842989,3.905268342,9.41093155,6.2949,NA,FALSE
40139,"OK",2.498329894,1.362009772,9.319505095,5.045,NA,TRUE
40143,"OK",2.344394947,6.012618826,9.241742548,5.3902,0.71457077,TRUE
40145,"OK",1.329142437,3.917014821,9.410216935,6.1566,1.150659335,FALSE
40147,"OK",1.604643473,3.858085134,9.255390384,5.2103,1.837577053,FALSE
41005,"OR",1.930561512,4.351803915,8.555828542,7.6597,NA,FALSE
41007,"OR",0.741856911,2.847793749,8.304968197,5.2583,NA,FALSE
41011,"OR",1.137436435,2.724554955,8.804843013,4.3308,NA,TRUE
41029,"OR",1.550477783,3.338840592,8.594785876,5.0851,NA,TRUE
41035,"OR",1.082327737,1.461856411,8.950023648,4.3522,NA,TRUE
41039,"OR",1.674711952,3.395355389,8.141436318,4.9958,NA,TRUE
41043,"OR",1.110908147,2.979105072,8.990775485,5.2097,NA,TRUE
41047,"OR",2.424655996,4.634498802,8.884917507,5.6097,NA,FALSE
41051,"OR",2.27846836,6.489629744,6.983911574,6.4337,1.708946165,TRUE
41053,"OR",1.454530286,3.671236163,8.774533405,5.8344,NA,TRUE
41059,"OR",1.416448459,2.209632749,9.240007625,5.1887,NA,TRUE
41067,"OR",2.610531504,5.643322707,8.351179252,7.801,NA,TRUE
42001,"PA",1.696601194,4.323981059,9.172645056,6.4507,NA,FALSE
42003,"PA",2.084497842,6.472302056,8.008947926,5.8383,2.062391889,TRUE
42005,"PA",1.405480341,3.707465694,9.280266593,4.9032,NA,FALSE
42007,"PA",1.951017719,5.020381246,9.061629221,5.5828,1.777403852,TRUE
42011,"PA",2.225706466,5.222908198,8.975992284,6.1522,2.523996599,TRUE
42017,"PA",3.15136807,5.99016915,8.888033029,8.6055,1.698929987,TRUE
42019,"PA",1.297879345,4.500022929,9.172573729,6.8472,NA,FALSE
42025,"PA",1.623240308,4.190306111,9.219005248,5.3624,1.15065933,FALSE
42027,"PA",1.615569111,3.980945284,7.803191489,5.8055,NA,TRUE
42029,"PA",1.971730745,5.547729728,8.623541113,9.6726,2.254331562,TRUE
42037,"PA",2.847440616,3.984947582,9.125197141,4.9889,NA,TRUE
42041,"PA",1.666311803,5.115786006,9.009485707,6.8895,NA,TRUE
42043,"PA",1.703744975,5.283974978,8.70894602,5.8916,1.973711828,TRUE
42045,"PA",3.129690913,7.068129396,8.068050131,7.1539,2.104008983,TRUE
42049,"PA",1.524376488,4.909357256,9.003386628,4.9716,NA,TRUE
42051,"PA",1.708946176,4.200740884,9.387172692,4.4476,NA,FALSE
42055,"PA",1.706275926,4.314913157,9.240458759,5.9713,NA,FALSE
42063,"PA",1.393822729,3.725548218,8.917355372,4.6877,NA,FALSE
42067,"PA",1.871416521,3.19070736,9.035459713,5.2765,NA,FALSE
42069,"PA",2.101778075,5.194898074,9.104101468,5.0875,1.650998149,TRUE
42071,"PA",2.462038275,5.358937879,8.839204957,6.3823,1.650200173,TRUE
42073,"PA",1.366908257,4.587125316,9.288340064,4.886,NA,FALSE
42075,"PA",2.44028184,4.959530551,9.068294752,5.9114,NA,FALSE
42077,"PA",3.407198393,5.968571572,9.020139561,6.2178,1.737094337,TRUE
42079,"PA",3.657995676,4.935692648,9.147968054,5.1646,1.593914259,FALSE
42081,"PA",1.413791558,3.597022622,9.149028814,5.2407,NA,TRUE
42085,"PA",1.31933506,4.204063744,9.022529971,4.8768,NA,FALSE
42089,"PA",2.899155852,4.680326267,8.819813352,6.3931,1.380467315,FALSE
42091,"PA",2.251429912,6.460457391,8.521819966,8.8166,2.451739991,TRUE
42093,"PA",1.429747473,3.991800914,8.780431254,5.7183,NA,TRUE
42095,"PA",3.632839005,5.739691714,8.966512347,6.7565,1.281227173,TRUE
42097,"PA",1.794629292,4.377326667,9.237862893,4.7063,NA,FALSE
42101,"PA",4.041216325,8.387914627,5.957400202,4.3744,2.649292286,TRUE
42103,"PA",2.09303926,3.704892661,8.950312603,6.4247,NA,FALSE
42107,"PA",1.810868916,4.297724385,9.29769801,4.919,NA,FALSE
42115,"PA",1.598957826,3.012062898,9.253290207,5.3059,NA,FALSE
42119,"PA",1.153616189,4.005900427,8.35218452,5.6026,NA,TRUE
42125,"PA",1.880970378,4.539349334,9.058104539,6.1567,NA,FALSE
42127,"PA",1.674711952,3.336025821,8.880185669,5.4851,NA,FALSE
42129,"PA",1.858960902,4.921525382,9.207242419,5.8866,1.543448431,FALSE
42133,"PA",2.340601529,5.224353587,9.327913453,6.3902,NA,TRUE
44001,"RI",0.900487788,6.680750496,8.630456106,7.5578,NA,TRUE
44003,"RI",1.247362677,5.941940941,9.434867835,7.0223,NA,TRUE
44005,"RI",1.130934031,5.744842677,8.423399487,7.7237,NA,TRUE
44007,"RI",1.520549147,6.381576204,8.798710364,5.5233,NA,TRUE
44009,"RI",1.308149109,5.003353087,9.033858542,8.1301,NA,TRUE
45003,"SC",1.405480341,4.055514614,9.537096293,5.0036,NA,FALSE
45007,"SC",1.930289694,4.61500581,9.454035965,4.7906,NA,FALSE
45011,"SC",1.429747468,2.767989098,9.650627875,3.6566,NA,FALSE
45013,"SC",2.292016491,4.688541287,8.852699642,6.311,NA,FALSE
45015,"SC",1.697003101,4.134977729,9.167545949,5.9995,NA,FALSE
45019,"SC",2.441050788,4.994518704,8.680012465,6.1028,NA,TRUE
45027,"SC",1.595496495,3.102197112,9.435117174,3.7525,NA,FALSE
45031,"SC",1.405480341,3.855580419,9.528650647,3.6254,NA,TRUE
45035,"SC",1.401847002,4.52153765,9.360448345,6.1698,NA,FALSE
45039,"SC",1.007952972,2.601039354,9.648626341,3.6294,NA,FALSE
45041,"SC",1.628449339,4.190676136,9.401502099,4.5479,NA,TRUE
45043,"SC",1.186599613,3.351673138,9.105777924,4.8071,NA,FALSE
45045,"SC",2.125251437,5.402231669,9.23152124,5.6789,1.803090671,TRUE
45051,"SC",1.564840999,4.51847971,9.201870873,4.8279,NA,TRUE
45055,"SC",1.739307601,3.490013122,9.540672692,4.9392,NA,FALSE
45057,"SC",2.577467134,3.986988133,9.228440952,5.5223,NA,FALSE
45061,"SC",1.325439803,2.895446747,9.465084279,3.1651,NA,FALSE
45063,"SC",2.001153138,4.976412057,9.332290532,5.9593,NA,TRUE
45067,"SC",1.768393997,3.26165935,9.631934566,3.3046,NA,TRUE
45069,"SC",1.635794336,3.147977928,9.611099207,3.4203,NA,TRUE
45075,"SC",0.926257581,3.474725187,9.446521409,3.6188,NA,FALSE
45079,"SC",1.705218385,5.278602817,8.561439108,5.3922,0.929028554,TRUE
45083,"SC",2.273376133,4.911686225,9.467388502,5.0179,NA,FALSE
45085,"SC",1.721928509,4.133297497,9.48266884,4.3792,NA,FALSE
45091,"SC",1.797234144,4.85399285,9.262729873,6.2431,NA,FALSE
46073,"SD",2.817942715,0.41838953,8.291139241,4.9519,NA,TRUE
46083,"SD",1.465831566,3.400610073,9.42345387,8.1422,NA,TRUE
46099,"SD",2.945533006,4.395260101,9.246174727,6.0028,NA,TRUE
46103,"SD",2.533584416,2.641741948,9.165048188,5.5024,NA,TRUE
46127,"SD",2.379518084,2.490857105,9.27050915,6.9563,NA,TRUE
47007,"TN",12.4369495,2.5040678,9.105836159,4.2889,NA,FALSE
47009,"TN",1.484233126,4.442744306,9.424449481,5.414,NA,FALSE
47011,"TN",1.237747911,4.755514687,9.255273721,4.814,NA,FALSE
47035,"TN",1.475063183,3.458800122,9.466864301,4.3893,NA,TRUE
47037,"TN",2.180736754,6.173898604,8.894798796,5.6507,2.65264448,TRUE
47043,"TN",1.171835088,3.667229746,9.407256457,5.0549,NA,FALSE
47047,"TN",1.264134698,3.046604111,9.412778672,5.9017,NA,FALSE
47053,"TN",1.126991832,3.460275439,9.377365155,4.1886,NA,TRUE
47065,"TN",1.946161971,5.478529049,9.066228685,5.3035,0.957015761,TRUE
47081,"TN",0.913305598,2.744952819,9.11197316,4.1998,NA,FALSE
47093,"TN",1.802489567,5.794145668,9.122917152,5.4437,NA,TRUE
47095,"TN",1.113090255,2.903632903,9.201680672,3.4966,NA,TRUE
47107,"TN",1.073735545,3.848372462,9.424641612,4.1398,0.806405389,FALSE
47111,"TN",1.275619558,3.331038585,9.638897365,3.6246,NA,TRUE
47113,"TN",1.584556868,4.221289638,9.281635874,4.6223,NA,TRUE
47119,"TN",1.173303858,3.931417053,9.409877972,5.4249,NA,FALSE
47125,"TN",1.831111713,4.815475462,9.399617128,5.5972,NA,FALSE
47141,"TN",1.276379571,4.242997723,9.514487314,4.0888,NA,TRUE
47143,"TN",1.698815793,3.662082171,9.38299532,3.9451,NA,FALSE
47147,"TN",1.634282208,3.984014974,9.27282635,6.1774,NA,FALSE
47149,"TN",2.826589404,5.098056023,9.351324118,6.3846,NA,TRUE
47157,"TN",2.503843589,6.151263543,9.312974056,4.9782,1.308002391,TRUE
47163,"TN",1.65068527,4.986893609,9.40590999,4.3442,NA,TRUE
47165,"TN",1.80266743,4.763461341,9.230430859,6.4631,0.635502495,FALSE
47167,"TN",1.349928873,3.940635416,9.659457655,6.0167,NA,FALSE
47181,"TN",0.688524889,2.191904436,9.449040662,3.8634,NA,TRUE
47185,"TN",1.41129927,3.276686546,9.465469754,4.0745,NA,TRUE
47187,"TN",1.706776121,4.799082424,8.8105788,10.9026,NA,FALSE
47189,"TN",1.857603149,4.345154141,9.160683682,7.1513,NA,FALSE
48001,"TX",1.79787625,3.055934737,9.547945205,4.3355,NA,TRUE
48021,"TX",1.517440409,3.473334206,9.339837588,6.2941,NA,FALSE
48027,"TX",1.431038764,4.735919703,9.281464323,5.4184,NA,FALSE
48037,"TX",1.611796008,3.698419224,9.486669211,4.7505,NA,TRUE
48039,"TX",2.151070553,4.489287219,9.499525312,7.927,NA,FALSE
48041,"TX",1.392212731,4.855964542,9.016539266,4.6839,1.172359455,TRUE
48053,"TX",1.01251738,2.809474388,8.896960048,5.9238,NA,FALSE
48061,"TX",2.240057492,5.170739668,9.369210325,3.7132,NA,TRUE
48071,"TX",1.613583419,3.122041878,9.47749378,7.685,NA,FALSE
48085,"TX",2.80351459,5.883533924,8.83560855,9.4192,NA,TRUE
48091,"TX",1.259098938,4.315592834,9.001867505,7.5356,NA,TRUE
48099,"TX",1.895807375,3.320238809,8.638907176,5.144,NA,FALSE
48113,"TX",2.707142705,6.95599924,8.97188783,5.6854,1.035329647,TRUE
48121,"TX",1.845877548,5.674155763,8.950667413,8.3376,1.186599613,TRUE
48135,"TX",0.831486425,4.077209758,9.510557019,6.0676,NA,TRUE
48139,"TX",1.753238763,4.123066649,9.26512717,7.2213,NA,FALSE
48141,"TX",2.137899152,5.721153718,9.129670772,4.4597,NA,TRUE
48157,"TX",1.739307601,5.569701848,9.174314835,9.5561,NA,TRUE
48163,"TX",2.217058411,1.768934121,9.474000601,4.2476,NA,TRUE
48167,"TX",2.73076622,5.694645151,9.188995215,6.9369,2.105036381,TRUE
48177,"TX",1.21456033,1.969823938,8.916223404,5.3006,NA,TRUE
48183,"TX",1.280758883,5.147327668,9.395158341,4.9287,NA,TRUE
48187,"TX",1.036059927,4.268266019,9.406752745,7.0931,NA,FALSE
48199,"TX",1.679698643,3.16491795,9.575915782,5.9105,NA,TRUE
48201,"TX",2.126820854,6.832576231,9.036379392,6.0146,2.287365762,TRUE
48209,"TX",2.807285399,4.493914266,8.843038989,6.5935,NA,FALSE
48215,"TX",1.657089637,5.249285189,8.904014782,3.8398,NA,TRUE
48225,"TX",1.354664264,2.007417992,9.513214505,3.4297,NA,TRUE
48245,"TX",1.434662006,4.710911004,9.613073849,4.8463,1.583601171,FALSE
48251,"TX",1.994922052,4.387198039,9.482930241,6.2066,NA,FALSE
48253,"TX",1.9776105,2.12825479,9.237696335,4.5694,NA,TRUE
48257,"TX",1.726457091,3.934033799,9.415322209,6.539,NA,FALSE
48291,"TX",1.295149991,3.227317654,9.471292434,4.985,NA,FALSE
48303,"TX",2.201206115,4.789214887,9.323334018,5.0473,1.450825265,TRUE
48309,"TX",0.792117865,4.471102564,9.277175374,4.8199,NA,TRUE
48319,"TX",0.912170783,0.511495112,9.018830525,4.0708,NA,TRUE
48321,"TX",1.878704674,2.55561729,9.287011807,4.55,NA,FALSE
48329,"TX",1.381705417,4.072420762,9.514665952,7.8888,NA,TRUE
48339,"TX",2.151159094,5.129394975,9.105080585,7.7416,NA,TRUE
48341,"TX",2.197401155,2.240719984,9.411528822,5.1527,NA,TRUE
48347,"TX",1.997844612,3.270328947,9.237071173,4.3598,NA,TRUE
48355,"TX",0.931341475,5.054110192,9.345739615,5.5048,NA,TRUE
48357,"TX",0.513856714,1.458951342,9.499664954,4.9928,NA,TRUE
48361,"TX",1.853603094,4.550683059,9.498280842,5.57,NA,TRUE
48365,"TX",1.444030996,2.438823398,9.503451118,5.1569,NA,FALSE
48375,"TX",2.386124964,3.940844177,9.407831534,4.3157,NA,TRUE
48381,"TX",1.295594294,3.934477811,9.433218263,6.7397,NA,TRUE
48387,"TX",1.027402206,1.566543699,9.102537652,3.7955,NA,TRUE
48419,"TX",1.674711952,2.513663508,9.388637082,4.0764,NA,TRUE
48423,"TX",1.390564766,4.475893517,9.329433542,5.3511,NA,FALSE
48439,"TX",1.752061161,6.695530817,9.286879625,6.4874,1.47772213,TRUE
48441,"TX",1.546804919,4.015627827,9.08006427,5.0818,NA,TRUE
48451,"TX",1.405480341,3.330854457,9.006051976,5.1675,NA,TRUE
48453,"TX",1.557212149,5.989924186,8.420082679,7.1767,1.571159263,TRUE
48469,"TX",1.703016875,3.637274105,9.277883699,5.5631,NA,TRUE
48477,"TX",0.909199194,3.070636629,9.373810171,5.6237,1.65160007,FALSE
48479,"TX",2.509285532,3.358640877,9.316582053,4.2293,0.906084977,TRUE
48481,"TX",1.551529338,2.686085591,9.676683149,4.9619,NA,FALSE
48485,"TX",1.293426309,4.392925244,8.621477405,4.6575,NA,TRUE
48491,"TX",1.365615279,4.98314747,8.957054748,8.3679,NA,TRUE
49005,"UT",1.44362279,3.620125356,8.660259161,5.684,NA,FALSE
49011,"UT",2.083089301,5.981549465,8.964790681,7.969,NA,TRUE
49035,"UT",2.746038364,6.283352024,8.663028338,7.123,NA,TRUE
49037,"UT",2.450101338,-0.31736443,8.445566779,4.468,NA,TRUE
49043,"UT",1.512871209,2.013972156,7.948284526,10.0453,NA,FALSE
49045,"UT",1.39693397,1.175044803,9.132277727,7.102,NA,FALSE
49049,"UT",2.978541221,4.600673095,8.520144501,7.0408,NA,FALSE
49051,"UT",1.701415915,2.044928593,9.161277284,7.7449,NA,FALSE
49057,"UT",2.476682707,5.043287242,9.093024638,6.4636,NA,TRUE
50001,"VT",1.431313691,2.920563569,8.15460324,6.5093,NA,TRUE
50007,"VT",2.460849715,4.724233165,8.169367392,6.9896,NA,TRUE
50011,"VT",1.449984861,3.370412152,9.062599049,6.4258,NA,TRUE
50021,"VT",1.820760146,3.242453582,8.889300384,5.4973,NA,TRUE
50025,"VT",1.518910829,3.085811032,7.939413803,5.2659,NA,FALSE
51003,"VA",1.326195203,3.970698231,8.561246607,7.5394,NA,FALSE
51013,"VA",1.850150012,8.034730995,5.909063068,11.7374,NA,TRUE
51029,"VA",1.304264219,2.435430462,9.311821379,4.6261,NA,TRUE
51035,"VA",1.589832693,3.196036759,9.530206615,4.3532,NA,FALSE
51041,"VA",1.772899511,5.664516785,9.276058789,8.0214,NA,TRUE
51059,"VA",3.014420391,6.973787503,8.06988917,12.1133,NA,TRUE
51061,"VA",1.265054776,3.660567255,8.934267273,9.7469,NA,FALSE
51065,"VA",2.972242898,3.5462327,9.098712446,7.4931,NA,TRUE
51069,"VA",1.443026434,4.29206563,9.330790733,7.325,NA,FALSE
51075,"VA",1.762307706,3.394366452,9.245926487,8.9741,NA,FALSE
51081,"VA",1.424102473,2.773313946,9.087674714,4.4534,NA,TRUE
51085,"VA",1.924842388,4.410288088,9.043465432,8.8652,NA,FALSE
51087,"VA",3.039336185,6.228713588,9.156075848,6.8572,NA,TRUE
51093,"VA",2.381337153,3.76462027,9.530345147,7.1376,NA,FALSE
51095,"VA",1.442242648,5.202031859,9.097755641,8.3048,NA,TRUE
51107,"VA",2.533584439,5.454845543,8.611964198,13.6268,NA,TRUE
51109,"VA",1.267618667,3.250054188,9.076174042,5.9343,NA,FALSE
51117,"VA",1.544041926,3.005774998,9.011359895,4.2025,NA,TRUE
51121,"VA",1.288445649,4.545097914,8.381496466,5.4641,NA,TRUE
51131,"VA",3.875745902,3.118155728,8.670794634,4.3553,NA,FALSE
51139,"VA",2.526158994,3.396575323,9.263157895,4.7951,1.554777718,FALSE
51149,"VA",0.968040574,3.951636793,9.548129982,6.7001,NA,FALSE
51153,"VA",2.118214701,6.134253434,8.837271387,10.3445,NA,TRUE
51159,"VA",2.616388966,2.926310203,8.280438546,4.9831,NA,TRUE
51161,"VA",1.195346486,4.958439256,9.269396265,6.5467,NA,TRUE
51175,"VA",1.869856495,2.482146602,9.268292683,5.4611,NA,FALSE
51177,"VA",1.490042834,4.768173491,9.121425483,8.533,NA,FALSE
51179,"VA",1.667332901,5.221065535,8.785141665,10.6773,NA,TRUE
51183,"VA",1.456619568,2.253378036,9.084181314,4.5801,NA,FALSE
51191,"VA",1.093513917,3.631502213,9.286017669,4.6262,NA,FALSE
51510,"VA",2.562338432,8.187653418,6.779995905,9.6733,NA,TRUE
51550,"VA",1.418078591,5.528423211,9.336620388,7.579,NA,TRUE
51570,"VA",0.882223614,6.795662516,9.479222163,5.3716,NA,TRUE
51600,"VA",0.823566259,7.241649366,7.982231471,11.1574,NA,TRUE
51610,"VA",0.67287668,7.775763173,6.542883573,12.4796,NA,TRUE
51640,"VA",1.747446604,5.799044198,9.231049563,3.1938,NA,TRUE
51650,"VA",1.22907627,6.939361815,9.169570267,5.455,NA,TRUE
51660,"VA",2.175754473,6.988657058,8.429398842,4.3893,NA,TRUE
51680,"VA",1.465206031,6.386715507,8.592939029,4.3374,NA,TRUE
51683,"VA",1.398437637,7.298384409,9.042136772,7.8462,NA,TRUE
51685,"VA",1.644756949,7.684769444,8.56806406,8.0667,NA,TRUE
51700,"VA",1.59751216,6.923096185,8.949442041,5.1884,NA,TRUE
51710,"VA",1.867131544,7.457140498,8.217789251,4.9146,NA,TRUE
51740,"VA",1.532229946,6.999502831,8.987020703,5.0224,NA,TRUE
51760,"VA",2.277260108,7.184178179,8.214353737,4.5117,NA,TRUE
51800,"VA",1.879298792,4.401975193,9.437777259,7.0664,NA,FALSE
51810,"VA",2.212908961,6.520789408,9.11463074,7.4186,NA,TRUE
53001,"WA",1.083871061,1.323452174,9.05345502,4.9142,NA,TRUE
53005,"WA",1.649695078,3.683292464,9.220372023,6.565,0.752416295,TRUE
53011,"WA",2.41426402,5.56490742,8.779682891,7.1636,1.090062091,TRUE
53017,"WA",2.173805912,2.098779087,8.844487241,6.0452,NA,TRUE
53021,"WA",1.746666133,3.190282407,9.341394392,6.2002,NA,TRUE
53025,"WA",1.618316943,2.552695378,8.706625387,5.4982,NA,TRUE
53029,"WA",2.099143724,4.979584066,8.495013599,6.4809,NA,TRUE
53033,"WA",1.869793295,5.864946362,7.21729762,8.9418,1.188217454,TRUE
53035,"WA",2.285189659,5.503347644,7.800669274,7.161,NA,TRUE
53053,"WA",1.817458405,5.214442966,8.839443567,6.7868,1.824189666,TRUE
53057,"WA",2.070824631,3.260857648,8.855797657,6.2865,NA,FALSE
53061,"WA",2.626749814,4.882439254,8.613750769,8.2751,1.405480348,FALSE
53063,"WA",4.801918551,4.63620824,8.763400272,5.4852,1.698302538,TRUE
53067,"WA",1.951017727,4.904606433,8.938828518,6.9592,NA,FALSE
53071,"WA",1.077975674,2.883046947,8.398705255,5.6533,NA,TRUE
53073,"WA",1.538069391,3.60715081,8.527561429,5.9285,1.094501787,TRUE
53077,"WA",2.51667496,3.084814685,9.306290761,4.9871,1.35212351,FALSE
54003,"WV",1.496002714,4.83023258,9.430106315,6.0615,NA,FALSE
54011,"WV",1.31772429,4.885350258,8.993470591,3.8321,NA,TRUE
54031,"WV",1.094501787,2.229936483,9.525821596,4.7186,NA,TRUE
54033,"WV",0.918068946,4.160938704,9.246084327,5.0433,NA,TRUE
54035,"WV",1.286747854,3.190013752,9.515003173,4.4783,NA,TRUE
54037,"WV",1.471005163,4.590380327,8.931136936,7.6503,NA,FALSE
54039,"WV",1.466085464,4.414961652,9.066871244,4.5426,NA,TRUE
54049,"WV",1.34356158,4.256405769,9.206277844,4.8605,NA,TRUE
54061,"WV",1.251359254,4.636140462,8.559260012,4.9926,NA,TRUE
54069,"WV",1.047305665,5.088568349,8.83257872,4.8418,NA,TRUE
54083,"WV",5.996364356,2.39059768,9.118410454,4.1094,NA,TRUE
54099,"WV",0.42912889,3.478658851,9.299344286,3.6875,NA,TRUE
54107,"WV",1.573744684,4.518162059,9.311441565,4.5958,NA,TRUE
55009,"WI",1.693545166,5.197232455,9.203264238,5.9963,NA,TRUE
55015,"WI",2.064478252,4.084537082,9.324354081,7.253,NA,FALSE
55023,"WI",1.017555128,2.421358633,9.129262704,4.8853,NA,TRUE
55025,"WI",2.817254836,5.058793256,8.133389318,7.0541,1.577778099,TRUE
55043,"WI",1.1794596,2.847224516,8.588099365,5.2958,NA,TRUE
55045,"WI",1.67471195,3.192913685,8.957360103,6.2699,NA,FALSE
55059,"WI",2.163799158,5.464885784,9.335684181,6.0929,NA,TRUE
55079,"WI",1.708997741,7.323712392,8.617878809,4.8742,1.51806589,TRUE
55083,"WI",1.059385983,2.67895979,9.149643451,5.7105,NA,FALSE
55087,"WI",1.375835972,4.672936286,9.195871462,6.3536,NA,FALSE
55089,"WI",1.069206099,4.963663127,9.14900498,8.2807,NA,FALSE
55101,"WI",2.043160831,5.424549162,9.214098262,5.9749,NA,TRUE
55105,"WI",1.550477783,4.456674678,9.301413775,5.5832,NA,FALSE
55109,"WI",1.572324514,3.808536362,9.152200835,8.1124,NA,FALSE
55127,"WI",1.594801,4.264111303,8.988744852,6.1106,NA,FALSE
55131,"WI",1.165669242,4.772629131,9.325173669,7.4062,NA,FALSE
55133,"WI",2.050130513,5.612826578,9.305275828,8.4331,NA,TRUE
56013,"WY",1.942242049,0.522853899,8.607034708,5.4242,NA,TRUE
56021,"WY",1.458114219,2.579263159,9.18495623,6.422,NA,TRUE
56025,"WY",1.316541678,1.696525434,9.318420731,6.055,NA,TRUE
56039,"WY",1.556530668,0.721633645,7.218382615,8.3831,NA,TRUE
