date,H_t,I_t,I_t_minus_7,H_over_I_lag7,H_over_I_lag7_7day_ma
2020-08-03,0.0,34.576590625694195,30.478436882413327,0.0,
2020-08-04,0.0,33.9736822621236,34.421083352294936,0.0,
2020-08-05,0.0,31.451034326169708,41.83887644356338,0.0,
2020-08-06,0.0,30.264206581640863,39.26919733930357,0.0,
2020-08-07,0.0,28.235371839098455,36.04159931437089,0.0,
2020-08-08,0.0,46.47661983854309,40.24366591727942,0.0,
2020-08-09,0.0,43.28955459312385,39.88634458861915,0.0,0.0
2020-08-10,0.0,37.52675816680803,34.576590625694195,0.0,0.0
2020-08-11,0.0,34.53111730407552,33.9736822621236,0.0,0.0
2020-08-12,0.0,36.93426244458414,31.451034326169708,0.0,0.0
2020-08-13,0.0,39.01749585678311,30.264206581640863,0.0,0.0
2020-08-14,0.0,36.82340486183955,28.235371839098455,0.0,0.0
2020-08-15,0.0,45.92139586828209,46.47661983854309,0.0,0.0
2020-08-16,0.0,39.80824320389304,43.28955459312385,0.0,0.0
2020-08-17,5.1,37.50888626133524,37.52675816680803,0.13590302624410783,0.019414718034872547
2020-08-18,5.1,32.515624544194736,34.53111730407552,0.14769287524322516,0.04051370021247614
2020-08-19,5.1,33.187076313936984,36.93426244458414,0.1380831689180743,0.06023986720077247
2020-08-20,5.1,28.76914301387469,39.01749585678311,0.1307105924665172,0.0789128089817035
2020-08-21,5.1,25.9393342734803,36.82340486183955,0.13849887100704203,0.09869836198270951
2020-08-22,5.1,31.486235615912502,45.92139586828209,0.11105934180721562,0.11456398224088316
2020-08-23,5.1,30.294721801761597,39.80824320389304,0.12811416906489473,0.13286600639301097
2020-08-24,4.1,26.26182480902713,37.50888626133524,0.10930743108270706,0.129066635655668
2020-08-25,4.1,25.76579553405665,32.515624544194736,0.12609322617892033,0.12598097150362444
2020-08-26,4.1,27.335798717955637,33.187076313936984,0.12354206683395595,0.12390367120589327
2020-08-27,4.1,25.696799780615088,28.76914301387469,0.1425138036966435,0.12558984423876846
2020-08-28,4.1,27.275987824120534,25.9393342734803,0.15806111123644886,0.12838444998582657
2020-08-29,4.1,24.644951038585134,31.486235615912502,0.1302156297759502,0.13112106255278866
2020-08-30,4.1,23.36416339577474,30.294721801761597,0.13533710680127753,0.13215291080084335
2020-08-31,4.7,20.253876893949275,26.26182480902713,0.17896699997726137,0.14210427778577966
2020-09-01,4.7,20.557638263625478,25.76579553405665,0.18241237666376905,0.15014987071218663
2020-09-02,4.7,21.820962281795623,27.335798717955637,0.1719357114271106,0.15706324851120873
2020-09-03,4.7,30.91610995337092,25.696799780615088,0.18290215280213773,0.16283301266913647
2020-09-04,4.7,26.80049246482387,27.275987824120534,0.17231273273423758,0.16486895859739198
2020-09-05,4.7,26.232754620177083,24.644951038585134,0.190708433246286,0.1735107876645828
2020-09-06,4.7,24.74059522980098,23.36416339577474,0.20116277738624125,0.18291445489100622
2020-09-07,0.0,30.447075231379234,20.253876893949275,0.0,0.15734774060854032
2020-09-08,0.0,31.393896630113804,20.557638263625478,0.0,0.13128882965657332
2020-09-09,0.0,29.214675175687358,21.820962281795623,0.0,0.10672658516698608
2020-09-10,0.0,33.325556258183624,30.91610995337092,0.0,0.08059770619525211
2020-09-11,0.0,35.88918821710074,26.80049246482387,0.0,0.055981601518932465
2020-09-12,0.0,34.11154410537925,26.232754620177083,0.0,0.02873753962660589
2020-09-13,0.0,32.570543711306854,24.74059522980098,0.0,0.0
2020-09-14,4.3,30.23468452617917,30.447075231379234,0.14122867196020036,0.020175524565742908
2020-09-15,4.3,45.20977982166352,31.393896630113804,0.1369692985443334,0.0397425672149334
2020-09-16,4.3,43.19135897997181,29.214675175687358,0.14718630188907553,0.060769181770515615
2020-09-17,4.3,46.44163455991411,33.325556258183624,0.12903010430453252,0.07920205381402025
2020-09-18,4.3,41.25922662826379,35.88918821710074,0.11981324219395703,0.09631823127029983
2020-09-19,4.3,35.76671172482608,34.11154410537925,0.12605703179885977,0.11432637867013695
2020-09-20,4.3,33.00537194098743,32.570543711306854,0.13202113044576705,0.13318654016238937
2020-09-21,0.0,28.611627508676758,30.23468452617917,0.0,0.11301101559664647
2020-09-22,0.0,28.80278756315623,45.20977982166352,0.0,0.09344397294745599
2020-09-23,0.0,31.968499989699524,43.19135897997181,0.0,0.07241735839187377
2020-09-24,0.0,27.712786129234424,46.44163455991411,0.0,0.053984486348369116
2020-09-25,0.0,24.023601835936702,41.25922662826379,0.0,0.03686830889208954
2020-09-26,0.0,23.825529503971413,35.76671172482608,0.0,0.018860161492252437
2020-09-27,0.0,21.653824976838724,33.00537194098743,0.0,0.0
2020-09-28,7.4,21.771222317479978,28.611627508676758,0.2586361086154878,0.036948015516498255
2020-09-29,7.4,18.872991477571325,28.80278756315623,0.25691957709905433,0.0736508122449346
2020-09-30,7.4,29.360579214080108,31.968499989699524,0.23147786109402482,0.10671907811550956
2020-10-01,7.4,29.452037244550603,27.712786129234424,0.2670247576512592,0.14486547206568945
2020-10-02,7.4,29.53132018992015,24.023601835936702,0.30803041319684227,0.1888698168080955
2020-10-03,7.4,28.600048823088116,23.825529503971413,0.3105912084248333,0.23323998944021454
2020-10-04,7.4,25.79275025651128,21.653824976838724,0.34174100917113526,0.2820601336075196
2020-10-05,6.9,22.359165171145456,21.771222317479978,0.3169321363486346,0.2903881375693977
2020-10-06,6.9,23.38266614372998,18.872991477571325,0.36560181824910826,0.3059141720194054
2020-10-07,6.9,29.269916517236325,29.360579214080108,0.23500898772089102,0.3064186186803863
2020-10-08,6.9,29.373443756324974,29.452037244550603,0.2342792093703698,0.3017406832116878
2020-10-09,6.9,28.463189231913077,29.53132018992015,0.23365023831055,0.2911149439422175
2020-10-10,6.9,32.674109701552794,28.600048823088116,0.24125832940640995,0.2812102469395856
2020-10-11,6.9,34.324463594289114,25.79275025651128,0.2675170321651962,0.2706068216530228
2020-10-12,5.6,35.75511891066891,22.359165171145456,0.250456578192231,0.26111031334496515
2020-10-13,5.6,40.995322386598666,23.38266614372998,0.23949364737013232,0.2430948603622543
2020-10-14,5.6,43.537938970076254,29.269916517236325,0.19132271855651856,0.23685396476734397
2020-10-15,5.6,48.742077093831284,29.373443756324974,0.19064839814004286,0.23062099173444012
2020-10-16,5.6,50.2534294205619,28.463189231913077,0.19674534551880962,0.22534886419276293
2020-10-17,5.6,55.563587351340686,32.674109701552794,0.17138952066791485,0.21536760580154932
2020-10-18,5.6,50.16684590571597,34.324463594289114,0.16314894432703458,0.20045787896752626
2020-10-19,13.6,49.48853001583805,35.75511891066891,0.3803651173410562,0.21901624170307274
2020-10-20,13.6,55.90051296185351,40.995322386598666,0.3317451652592889,0.23219502997295224
2020-10-21,13.6,48.45891927132937,43.537938970076254,0.31237124038754605,0.2494876759488133
2020-10-22,13.6,63.0079661620936,48.742077093831284,0.2790197055783902,0.2621121484400058
2020-10-23,13.6,63.62021337412621,50.2534294205619,0.2706282965523417,0.27266685573051036
2020-10-24,13.6,67.15095695142094,55.563587351340686,0.244764613810916,0.2831490118937962
2020-10-25,13.6,64.21168052826263,50.16684590571597,0.2710953769260273,0.29856993083650946
2020-10-26,34.1,62.663686755769945,49.48853001583805,0.6890485530503091,0.3426675645092599
2020-10-27,34.1,63.32176516544512,55.90051296185351,0.6100122913589332,0.38242001109492335
2020-10-28,34.1,80.89223879509527,48.45891927132937,0.7036888257674208,0.43832252329204835
2020-10-29,34.1,70.12369407278234,63.0079661620936,0.5412014079660136,0.47577705220456595
2020-10-30,34.1,80.78868064053782,63.62021337412621,0.5359931724760322,0.5136863201936646
2020-10-31,34.1,77.03392179725758,67.15095695142094,0.5078110804090102,0.5512643868505352
2020-11-01,34.1,66.77900433712638,64.21168052826263,0.5310560278046447,0.5884016226903377
2020-11-02,43.7,70.88924302717638,62.663686755769945,0.6973735868800633,0.5895909132374454
2020-11-03,43.7,88.45231811027887,63.32176516544512,0.69012605516953,0.6010357366389593
2020-11-04,43.7,76.67735975147349,80.89223879509527,0.5402248800493041,0.577683744393514
2020-11-05,43.7,78.46990857974644,70.12369407278234,0.6231845109962857,0.5893956162549815
2020-11-06,43.7,96.02382954319935,80.78868064053782,0.5409173618571559,0.5900990718808563
2020-11-07,43.7,186.2409356803781,77.03392179725758,0.5672825552749637,0.5985949968617067
2020-11-08,43.7,161.4481511701148,66.77900433712638,0.6543972979798472,0.6162151783153071
2020-11-09,52.7,146.95583420489896,70.88924302717638,0.7434132140442905,0.6227922679101967
2020-11-10,52.7,136.3927649115787,88.45231811027887,0.5958012308314602,0.6093172930047582
2020-11-11,52.7,129.2358735876696,76.67735975147349,0.6872954438025923,0.6303273735409423
2020-11-12,52.7,131.031722668059,78.46990857974644,0.67159502226822,0.6372431608655044
2020-11-13,52.7,125.58850454713524,96.02382954319935,0.5488221022917155,0.6383724094990127
2020-11-14,52.7,108.86989905458672,186.2409356803781,0.2829667914171264,0.5977558718050361
2020-11-15,52.7,109.37690943845442,161.4481511701148,0.32642058529658247,0.5509020557074268
2020-11-16,46.9,486.81642553517315,146.95583420489896,0.31914350494317784,0.49029209726441064
2020-11-17,46.9,458.0104005318216,136.3927649115787,0.34385988164698134,0.4543004759523423
2020-11-18,46.9,397.0390940767649,129.2358735876696,0.36290233275039147,0.407958602944885
2020-11-19,46.9,410.18441599198076,131.031722668059,0.3579285919854017,0.36314911290448243
2020-11-20,46.9,355.57980504538307,125.58850454713524,0.37344182231581335,0.3380947871936392
2020-11-21,46.9,359.2442745913207,108.86989905458672,0.430789413853361,0.35921230468452986
2020-11-22,46.9,328.4209222550016,109.37690943845442,0.4287925142590565,0.3738368659648833
2020-11-23,56.7,297.70083931843345,486.81642553517315,0.11647100842513242,0.3448836521765911
2020-11-24,56.7,793.0702783422298,458.0104005318216,0.12379631539843299,0.3134459998553699
2020-11-25,56.7,767.495097243604,397.0390940767649,0.14280709594062652,0.28200382316826067
2020-11-26,56.7,665.3245379670968,410.18441599198076,0.13823050752154492,0.25061838253056684
2020-11-27,56.7,576.7551381251768,355.57980504538307,0.1594578747034391,0.22004924715737048
2020-11-28,56.7,499.97628280807913,359.2442745913207,0.15783132539691105,0.18105523452073477
2020-11-29,56.7,600.4183899655704,328.4209222550016,0.17264429930555836,0.14446263238452076
2020-11-30,71.1,634.4894328647392,297.70083931843345,0.2388303646129409,0.16194254041135056
2020-12-01,71.1,612.024866975469,793.0702783422298,0.0896515755811978,0.1570647204374598
2020-12-02,71.1,634.5508312785788,767.495097243604,0.09263902825614109,0.1498978536253905
2020-12-03,71.1,607.0780919035062,665.3245379670968,0.10686514015738316,0.14541708685908164
2020-12-04,71.1,567.2625812936592,576.7551381251768,0.12327588486011669,0.14024823116717844
2020-12-05,71.1,491.7473950787139,499.97628280807913,0.14220674548935042,0.1380161483232412
2020-12-06,71.1,537.2849490534584,600.4183899655704,0.11841742556232672,0.13026945207420812
2020-12-07,73.4,561.7604482028453,634.4894328647392,0.11568356571140477,0.11267705223113152
2020-12-08,73.4,812.9777175008032,612.024866975469,0.11992976749904184,0.11700250821939495
2020-12-09,73.4,713.7524162907928,634.5508312785788,0.11567237230168584,0.12029298594018707
2020-12-10,73.4,861.7361955757798,607.0780919035062,0.12090701505938511,0.12229896806904449
2020-12-11,73.4,836.0200633594437,567.2625812936592,0.12939333991078544,0.12317289021914002
2020-12-12,73.4,829.7273166740483,491.7473950787139,0.14926362749364616,0.1241810162197537
2020-12-13,73.4,836.2722736437528,537.2849490534584,0.1366127976026682,0.1267803550826596
2020-12-14,61.1,814.9459521956055,561.7604482028453,0.10876522224992509,0.12579202030244824
2020-12-15,61.1,762.4586354492384,812.9777175008032,0.0751558113890614,0.11939574085816532
2020-12-16,61.1,660.9585405446252,713.7524162907928,0.0856039133534884,0.11510024672270854
2020-12-17,61.1,929.97035144927,861.7361955757798,0.07090336963178769,0.10795686880448033
2020-12-18,61.1,906.1707450942814,836.0200633594437,0.07308437043302188,0.09991273030765699
2020-12-19,61.1,785.5393923223878,829.7273166740483,0.07363865064117522,0.0891091621858754
2020-12-20,61.1,711.9667385874654,836.2722736437528,0.07306232901131463,0.08003052381568206
2020-12-21,45.3,661.1882310386886,814.9459521956055,0.05558650837881206,0.07243356469123732
2020-12-22,45.3,623.1694650623563,762.4586354492384,0.0594130591403288,0.07018460008427553
2020-12-23,45.3,603.2118370616996,660.9585405446252,0.06853682526391612,0.06774644464290805
2020-12-24,45.3,562.911010416495,929.97035144927,0.048711230341273004,0.06457613902997739
2020-12-25,45.3,487.9751144561037,906.1707450942814,0.04999057875708271,0.06127702593341465
2020-12-26,45.3,442.01484235006166,785.5393923223878,0.057667381728717604,0.05899541608877785
2020-12-27,45.3,383.1728981948291,711.9667385874654,0.06362656785045144,0.057647450208654534
2020-12-28,32.4,373.16411722832356,661.1882310386886,0.049002687100315544,0.056706904311726467
2020-12-29,32.4,442.48772620501967,623.1694650623563,0.05199227788986412,0.05564679270451722
2020-12-30,32.4,436.58283075784084,603.2118370616996,0.05371247380990297,0.05352902821108677
2020-12-31,32.4,449.464007394346,562.911010416495,0.05755794326358514,0.05479284434284565
2021-01-01,32.4,389.6304147433108,487.9751144561037,0.0663968285270305,0.05713659430998104
2021-01-02,32.4,406.7619956114734,442.01484235006166,0.07330070598475567,0.05936992634655791
2021-01-03,32.4,385.61298445386666,383.1728981948291,0.08455712852511246,0.06236000644293806
2021-01-04,31.0,358.27937407976736,373.16411722832356,0.08307336790646565,0.06722724655810235
2021-01-05,31.0,318.58447132607836,442.48772620501967,0.07005844041341079,0.06980812691860902
2021-01-06,31.0,316.17383739617276,436.58283075784084,0.07100599889873992,0.0722786305027286
2021-01-07,31.0,311.08411211794964,449.464007394346,0.06897103992756765,0.07390907288329752
2021-01-08,31.0,316.6719417584582,389.6304147433108,0.07956257732195485,0.07578989413971528
2021-01-09,31.0,292.5159077813841,406.7619956114734,0.07621164301104041,0.07620574228632739
2021-01-10,31.0,294.57557578104405,385.61298445386666,0.08039148381869057,0.07561065018540998
2021-01-11,23.7,265.3610564507719,358.27937407976736,0.06614949593699868,0.07319295418977183
2021-01-12,23.7,230.03563529153453,318.58447132607836,0.07439157314024424,0.07381197315074804
2021-01-13,23.7,307.4128083892242,316.17383739617276,0.07495876380911105,0.07437665385222962
2021-01-14,23.7,290.4893696927557,311.08411211794964,0.07618518296753768,0.0754072457150825
2021-01-15,23.7,261.8188146990101,316.6719417584582,0.07484085855032017,0.07473271446199183
2021-01-16,23.7,241.96494420135983,292.5159077813841,0.08102123463901502,0.07541979898027391
2021-01-17,23.7,224.7540626424447,294.57557578104405,0.08045473538381893,0.0754288349181494
2021-01-18,16.6,194.8343297838032,265.3610564507719,0.0625562779332676,0.07491551806047352
2021-01-19,16.6,168.8975746022176,230.03563529153453,0.07216273243474679,0.07459711224540246
2021-01-20,16.6,174.41357474407,307.4128083892242,0.05399905126588696,0.07160286759637045
2021-01-21,16.6,216.1952733620607,290.4893696927557,0.057144948255963585,0.06888283406614558
2021-01-22,16.6,194.41490450801956,261.8188146990101,0.06340262451758309,0.06724880063289743
2021-01-23,16.6,168.5339841000441,241.96494420135983,0.06860497934851965,0.06547504987711238
2021-01-24,16.6,168.09838617317672,224.7540626424447,0.0738585091848084,0.06453273184868229
2021-01-25,10.9,158.7207759571984,194.8343297838032,0.05594496622897578,0.06358825874806918
2021-01-26,10.9,141.59153290849528,168.8975746022176,0.06453615468233542,0.062498747640581845
2021-01-27,10.9,128.7425706701251,174.41357474407,0.06249513557642736,0.06371247397065903
2021-01-28,10.9,128.6040892709574,216.1952733620607,0.050417383463078065,0.0627513932859611
2021-01-29,10.9,123.4840428064924,194.41490450801956,0.056065660333929686,0.06170325554543919
2021-01-30,10.9,118.04558768075364,168.5339841000441,0.06467538317690044,0.0611418846637793
2021-01-31,10.9,113.33111112346762,168.09838617317672,0.0648429782589983,0.05985395167437787
2021-02-01,8.0,101.24423558706606,158.7207759571984,0.05040297939418673,0.059062239269408
2021-02-02,8.0,93.76639030752841,141.59153290849528,0.05650055363953201,0.05791429626329323
2021-02-03,8.0,89.28401149694601,128.7425706701251,0.06213950799924808,0.05786349232369619
2021-02-04,8.0,86.39833636774362,128.6040892709574,0.062206420070707945,0.05954764041050046
2021-02-05,8.0,84.89680837237933,123.4840428064924,0.06478569876867836,0.06079336018689313
2021-02-06,8.0,79.59516693734182,118.04558768075364,0.06777042799461054,0.06123550944656599
2021-02-07,8.0,70.99929114490797,113.33111112346762,0.07058961939660564,0.0620564581805099
2021-02-08,9.1,66.54771639144948,101.24423558706606,0.08988166039511808,0.06769626975207152
2021-02-09,9.1,64.68874461859046,93.76639030752841,0.0970496994728544,0.07348900487111758
2021-02-10,9.1,64.07724307243956,89.28401149694601,0.10192194377726037,0.07917220998226218
2021-02-11,9.1,60.54714589641828,86.39833636774362,0.10532610212848309,0.08533216456194435
2021-02-12,9.1,55.4869826705549,84.89680837237933,0.1071889529708237,0.09138977230510796
2021-02-13,9.1,48.100439000925356,79.59516693734182,0.11432854971161276,0.098040932550394
2021-02-14,9.1,63.697207538183896,70.99929114490797,0.12817029372063873,0.10626674316811302
2021-02-15,7.9,55.21770149065229,66.54771639144948,0.11871181204070659,0.11038533626033996
2021-02-16,7.9,50.86700509724913,64.68874461859046,0.12212325415462882,0.11396727264345059
2021-02-17,7.9,49.0954825452851,64.07724307243956,0.1232887000314452,0.11701966639404841
2021-02-18,7.9,50.55978879607845,60.54714589641828,0.1304768355805741,0.1206126283157757
2021-02-19,7.9,51.82916352335725,55.4869826705549,0.14237573606957488,0.1256393116155973
2021-02-20,7.9,44.929556420936656,48.100439000925356,0.16423966525228637,0.13276947097855069
2021-02-21,7.9,46.94843950688885,63.697207538183896,0.12402427524415839,0.13217718262476777
2021-02-22,9.1,46.69856463628026,55.21770149065229,0.16480222382202062,0.13876152716495546
2021-02-23,9.1,50.48195363324673,50.86700509724913,0.17889789230960887,0.14687218975852406
2021-02-24,9.1,51.76168994087497,49.0954825452851,0.185353102326803,0.15573853294357518
2021-02-25,9.1,44.8710650634658,50.55978879607845,0.17998492906492955,0.16281111772705453
2021-02-26,9.1,60.89773464177098,51.82916352335725,0.17557682550479534,0.1675541305035146
2021-02-27,9.1,52.7909003058023,44.929556420936656,0.20253927981713846,0.1730255040127792
2021-02-28,9.1,55.76326478301512,46.94843950688885,0.19382965856968976,0.18299770163071225
2021-03-01,7.4,56.33994185831341,46.69856463628026,0.15846311460825752,0.18209211460017463
2021-03-02,7.4,55.83985047018207,50.48195363324673,0.14658703689958744,0.17747627811302874
2021-03-03,7.4,57.40633229795562,51.76168994087497,0.1429628748298729,0.171420531327753
2021-03-04,7.4,61.76428077481278,44.8710650634658,0.16491696797331226,0.16926796545752196
2021-03-05,7.4,64.54208999765022,60.89773464177098,0.12151519335703156,0.16154487515069857
2021-03-06,7.4,55.95011142265023,52.7909003058023,0.14017567340458217,0.15263578852033338
2021-03-07,7.4,52.501915080855674,55.76326478301512,0.13270385134003057,0.14390353034466777
2021-03-08,6.9,45.51274987815455,56.33994185831341,0.1224708399123392,0.13876177681667945
2021-03-09,6.9,49.45399702622995,55.83985047018207,0.12356766613629333,0.13547329527906599
2021-03-10,6.9,49.870577076349946,57.40633229795562,0.1201957993795351,0.13222085592901772
2021-03-11,6.9,46.23170111527579,61.76428077481278,0.11171505461476679,0.12462058259208267
2021-03-12,6.9,48.0772399646884,64.54208999765022,0.10690698116920615,0.12253369513667904
2021-03-13,6.9,44.67709680637458,55.95011142265023,0.12332415118670666,0.12012633481983968
2021-03-14,6.9,38.72958784644554,52.501915080855674,0.13142377738742753,0.11994346711232497
2021-03-15,4.0,38.57382377051687,45.51274987815455,0.08788746034262239,0.11500298431665114
2021-03-16,4.0,38.438795335519295,49.45399702622995,0.0808832498994659,0.10890521056853293
2021-03-17,4.0,35.32174216938204,49.870577076349946,0.08020761407826008,0.1031926126683508
2021-03-18,4.0,37.61963766731132,46.23170111527579,0.08652071854388953,0.09959342180108259
2021-03-19,4.0,41.61163249040166,48.0772399646884,0.08319945161032342,0.09620663186409936
2021-03-20,4.0,43.07220457845581,44.67709680637458,0.08953133229170064,0.09137908630766993
2021-03-21,4.0,37.33834224258193,38.72958784644554,0.10328021087802786,0.08735857680632711
2021-03-22,7.7,41.36778370340291,38.57382377051687,0.19961723384771984,0.10331997302134102
2021-03-23,7.7,42.8608174541257,38.438795335519295,0.20031845256307576,0.12038214483042817
2021-03-24,7.7,46.15509541620841,35.32174216938204,0.21799604229812294,0.1400662060046943
2021-03-25,7.7,139.01083217717198,37.61963766731132,0.20468033392811566,0.15694615105958373
2021-03-26,7.7,122.50541824027181,41.61163249040166,0.1850444104007724,0.17149543088679073
2021-03-27,7.7,111.1972396721444,43.07220457845581,0.17876958180709066,0.18424375224613218
2021-03-28,7.7,96.39442958500611,37.33834224258193,0.20622233172469706,0.19894976950994206
2021-03-29,5.4,104.56220066626686,41.36778370340291,0.1305363622744865,0.18908107357090873
2021-03-30,5.4,96.64266090683046,42.8608174541257,0.12598919761107372,0.17846260857776555
2021-03-31,5.4,89.77738691318217,46.15509541620841,0.11699683320562843,0.16403415013598063
2021-04-01,5.4,90.8260326123588,139.01083217717198,0.03884589362876122,0.14034351580750143
2021-04-02,5.4,83.7350803936431,122.50541824027181,0.04407968298519577,0.1202056976052762
2021-04-03,5.4,82.58809062705394,111.1972396721444,0.048562356546992,0.1016046654252621
2021-04-04,5.4,71.59379054715818,96.39442958500611,0.05601983458222523,0.0801471658334804
2021-04-05,7.1,77.06307478467488,104.56220066626686,0.06790216688974635,0.07119942363566038
2021-04-06,7.1,76.80427641763013,96.64266090683046,0.0734665202031724,0.0636961840059602
2021-04-07,7.1,74.57992983274761,89.77738691318217,0.07908450272523464,0.058280136794475364
2021-04-08,7.1,66.65169293692816,90.8260326123588,0.0781714206355623,0.06389806922401839
2021-04-09,7.1,67.7788795879583,83.7350803936431,0.08479122449781525,0.06971400372582116
2021-04-10,7.1,66.75601278462975,82.58809062705394,0.08596881155736762,0.07505778301301769
2021-04-11,7.1,57.8693121584361,71.59379054715818,0.09917061166531327,0.08122217973917312
2021-04-12,8.9,78.16562778389275,77.06307478467488,0.11548981175313673,0.08802041471965746
2021-04-13,8.9,79.76005524595539,76.80427641763013,0.1158789642337811,0.09407933529545871
2021-04-14,8.9,78.14222917557225,74.57992983274761,0.11933505461803294,0.09982941413728703
2021-04-15,8.9,77.73977150951744,66.65169293692816,0.13352999163009982,0.10773778142222097
2021-04-16,8.9,78.39088985322948,67.7788795879583,0.13130934081685805,0.11438322661065566
2021-04-17,8.9,67.9553299555154,66.75601278462975,0.13332132385907242,0.1211478712251849
2021-04-18,8.9,58.90897370866779,57.8693121584361,0.1537948122768999,0.12895132845541157
2021-04-19,7.0,60.0668874050086,78.16562778389275,0.08955342902577519,0.12524613092293133
2021-04-20,7.0,72.07065719818449,79.76005524595539,0.08776322908019761,0.12122959732956227
2021-04-21,7.0,71.47645994557749,78.14222917557225,0.08958024455985501,0.116978910178394
2021-04-22,7.0,69.9613634792002,77.73977150951744,0.09004400018262225,0.11076662568589721
2021-04-23,7.0,71.64795983650814,78.39088985322948,0.08929609056748856,0.10476473279313013
2021-04-24,7.0,62.11003294445754,67.9553299555154,0.10300884425963802,0.10043437856463952
2021-04-25,7.0,53.841814912305935,58.90897370866779,0.1188273969025203,0.09543903351115669
2021-04-26,5.9,46.674279429917775,60.0668874050086,0.09822383437680902,0.09667766284701869
2021-04-27,5.9,64.46090132456023,72.07065719818449,0.0818641071050012,0.09583493113627635
2021-04-28,5.9,64.87973075623847,71.47645994557749,0.08254465882183153,0.09482984745941583
2021-04-29,5.9,58.24280473432527,69.9613634792002,0.08433226150250908,0.09401388479082826
2021-04-30,5.9,58.48940024365182,71.64795983650814,0.08234707608511223,0.09302116843620305
2021-05-01,5.9,50.70316844086465,62.11003294445754,0.09499270440374954,0.09187600559964755
2021-05-02,5.9,43.95345616869644,53.841814912305935,0.10958025857058383,0.09055498583794235
2021-05-03,0.0,47.102279770281235,46.674279429917775,0.0,0.0765230094983982
2021-05-04,0.0,51.83192536070686,64.46090132456023,0.0,0.0648281370548266
2021-05-05,0.0,47.93195059669774,64.87973075623847,0.0,0.0530360429374221
2021-05-06,0.0,46.5511486641948,58.24280473432527,0.0,0.04098857700849223
2021-05-07,0.0,46.35416198497566,58.48940024365182,0.0,0.02922470899633334
2021-05-08,0.0,40.18339858621541,50.70316844086465,0.0,0.015654322652940547
2021-05-09,0.0,34.83410017124283,43.95345616869644,0.0,0.0
2021-05-10,0.0,41.19691159613443,47.102279770281235,0.0,0.0
2021-05-11,0.0,47.71269220065091,51.83192536070686,0.0,0.0
2021-05-12,0.0,42.36107840632713,47.93195059669774,0.0,0.0
2021-05-13,0.0,39.72188268002963,46.5511486641948,0.0,0.0
2021-05-14,0.0,40.4340222317872,46.35416198497566,0.0,0.0
2021-05-15,0.0,35.05136027074384,40.18339858621541,0.0,0.0
2021-05-16,0.0,30.38524957488938,34.83410017124283,0.0,0.0
2021-05-17,0.0,30.340301334865202,41.19691159613443,0.0,0.0
2021-05-18,0.0,32.30133669895558,47.71269220065091,0.0,0.0
2021-05-19,0.0,29.001314916714076,42.36107840632713,0.0,0.0
2021-05-20,0.0,30.140598964994712,39.72188268002963,0.0,0.0
2021-05-21,0.0,29.128219127987112,40.4340222317872,0.0,0.0
2021-05-22,0.0,25.250609421132534,35.05136027074384,0.0,0.0
2021-05-23,0.0,21.88919526240352,30.38524957488938,0.0,0.0
2021-05-24,4.1,24.975259616293986,30.340301334865202,0.13513379299527697,0.019304827570753854
2021-05-25,4.1,27.650500601888456,32.30133669895558,0.12692973167678748,0.03743764638172349
2021-05-26,4.1,24.9696078888062,29.001314916714076,0.14137290022105453,0.05763377498473128
2021-05-27,4.1,24.645601244233884,30.140598964994712,0.13602914808566807,0.07706651042554101
2021-05-28,4.1,33.36472704468193,29.128219127987112,0.14075697460201467,0.09717464965440024
2021-05-29,4.1,28.923144506231953,25.250609421132534,0.16237231868822385,0.12037069518128937
2021-05-30,4.1,25.072834763733358,21.88919526240352,0.1873070229786878,0.1471288413211019
2021-05-31,4.1,21.735086340768515,24.975259616293986,0.16416245768773266,0.15127579342002415
2021-06-01,4.1,21.84166599797427,27.650500601888456,0.14827941305771442,0.15432574790301373
2021-06-02,4.1,25.93405754736889,24.9696078888062,0.1641996149181829,0.1575867071454606
2021-06-03,4.1,24.48166133866349,24.645601244233884,0.1663582867940477,0.16191944124665772
2021-06-04,4.1,27.222611163655824,33.36472704468193,0.12288426620452472,0.15936619718987344
2021-06-05,4.1,23.598679991265808,28.923144506231953,0.14175498791691163,0.15642086422254312
2021-06-06,4.1,20.457174147705135,25.072834763733358,0.16352359191272825,0.15302323121312034
2021-06-07,0.0,20.73387215998634,21.735086340768515,0.0,0.12957145154344424
2021-06-08,0.0,24.973735551737718,21.84166599797427,0.0,0.10838867824948503
2021-06-09,0.0,24.649179424006835,25.93405754736889,0.0,0.08493159040403032
2021-06-10,0.0,24.367828889648436,24.48166133866349,0.0,0.06116612086202351
2021-06-11,0.0,29.123932329330234,27.222611163655824,0.0,0.04361122568994856
2021-06-12,0.0,25.24689329011621,23.598679991265808,0.0,0.02336051313038975
2021-06-13,0.0,21.885973830552892,20.457174147705135,0.0,0.0
2021-06-14,5.1,20.972467028217128,20.73387215998634,0.24597431491076385,0.035139187844394834
2021-06-15,5.1,21.180568170000797,24.973735551737718,0.2042145432922682,0.06431269402900458
2021-06-16,5.1,19.360966450725837,24.649179424006835,0.20690343935071945,0.0938703282219645
2021-06-17,5.1,18.783593933938942,24.367828889648436,0.20929234291227738,0.12376923435228984
2021-06-18,5.1,16.28308245921324,29.123932329330234,0.1751137154945204,0.1487854794229356
2021-06-19,5.1,14.115444323701796,25.24689329011621,0.20200505232049978,0.17764334404014986
2021-06-20,5.1,12.236366729371236,21.885973830552892,0.2330259571488833,0.21093276648999032
2021-06-21,5.0,16.607435890930336,20.972467028217128,0.2384078131234068,0.20985183766322504
2021-06-22,5.0,24.396619145365477,21.180568170000797,0.23606543317765077,0.21440196478970827
2021-06-23,5.0,22.148889965739496,19.360966450725837,0.2582515708978232,0.22173741215358023
2021-06-24,5.0,22.200383215298125,18.783593933938942,0.26618974076977897,0.22986561184750903
2021-06-25,5.0,24.24502157532682,16.28308245921324,0.3070671669522202,0.24871610491289473
2021-06-26,5.0,21.017473382617155,14.115444323701796,0.3542219348776931,0.27046137384963664
2021-06-27,5.0,18.219583183978504,12.236366729371236,0.4086180244989212,0.2955459548996421
2021-06-28,8.1,18.79415400485101,16.607435890930336,0.48773332940719505,0.3311638857973261
2021-06-29,8.1,23.292236751306707,24.396619145365477,0.33201321673862844,0.34487071202032293
2021-06-30,8.1,22.19152527545675,22.148889965739496,0.3657068147672095,0.3602214611445209
2021-07-01,8.1,19.23734282304102,22.200383215298125,0.364858566694396,0.3743170077051805
2021-07-02,8.1,17.676427343212026,24.24502157532682,0.33408920568843886,0.3781772989532118
2021-07-03,8.1,15.323304210370324,21.017473382617155,0.3853936128544945,0.38263039580704045
2021-07-04,8.1,13.283433771118942,18.219583183978504,0.44457658104510217,0.3877673324564949
2021-07-05,4.7,11.515115168978223,18.79415400485101,0.2500777634783066,0.3538165373237966
2021-07-06,4.7,11.982198853065299,23.292236751306707,0.20178396992020647,0.3352123592068792
2021-07-07,4.7,20.38710337613428,22.19152527545675,0.2117925623254963,0.31322460885806297
2021-07-08,4.7,18.67312935669312,19.23734282304102,0.24431648607783293,0.2960043116271254
2021-07-09,4.7,18.18732315849359,17.676427343212026,0.2658908335232606,0.2862616870320999
2021-07-10,4.7,15.766188501712763,15.323304210370324,0.306722358015916,0.27502293634087444
2021-07-11,4.7,13.667360375430222,13.283433771118942,0.3538241753588456,0.2620583069571235
2021-07-12,0.0,12.847932657381804,11.515115168978223,0.0,0.22633291217450827
2021-07-13,0.0,16.13758887816291,11.982198853065299,0.0,0.1975066307573359
2021-07-14,0.0,14.989319153733751,20.38710337613428,0.0,0.16725055042512213
2021-07-15,0.0,15.993909506673884,18.67312935669312,0.0,0.13234819527114602
2021-07-16,0.0,18.86476668193992,18.18732315849359,0.0,0.09436379048210879
2021-07-17,0.0,16.353449320517278,15.766188501712763,0.0,0.05054631076554937
2021-07-18,0.0,14.176443800641053,13.667360375430222,0.0,0.0
2021-07-19,6.4,16.2892458278262,12.847932657381804,0.49813461594717096,0.071162087992453
2021-07-20,6.4,33.120787211740385,16.13758887816291,0.39658960507169466,0.12781774585983793
2021-07-21,6.4,31.711678456186178,14.989319153733751,0.4269706938894418,0.18881355927261537
2021-07-22,6.4,33.49015321765175,15.993909506673884,0.4001523203147692,0.24597817646043954
2021-07-23,6.4,38.03187368362974,18.86476668193992,0.3392567800017906,0.2944434307464096
2021-07-24,6.4,32.96899078242915,16.353449320517278,0.3913547456908963,0.3503512515593948
2021-07-25,6.4,28.58008948635528,14.176443800641053,0.451453135215095,0.4148445565901226
2021-07-26,11.7,35.77544794860391,16.2892458278262,0.7182652974647485,0.44629179680691944
2021-07-27,11.7,38.012945180307696,33.120787211740385,0.3532524732942543,0.4401007779815708
2021-07-28,11.7,45.95258208122392,31.711678456186178,0.368949250547084,0.431812000361234
2021-07-29,11.7,50.83527784266922,33.49015321765175,0.34935641900357883,0.42455544303106396
2021-07-30,11.7,53.067978889470034,38.03187368362974,0.3076366969801988,0.42003828831369366
2021-07-31,11.7,46.00345808369076,32.96899078242915,0.35487892478151084,0.41482745675521004
2021-08-01,11.7,39.87938112483536,28.58008948635528,0.4093759050539649,0.4088164238750486
2021-08-02,17.3,46.57055415283431,35.77544794860391,0.48357186260403234,0.37528879032351764
2021-08-03,17.3,73.3709841742111,38.012945180307696,0.455108119561389,0.38983959693310843
2021-08-04,17.3,69.60368466354393,45.95258208122392,0.37647503614532957,0.3909147091614292
2021-08-05,17.3,78.33789597600688,50.83527784266922,0.3403148509100708,0.3896230565766423
2021-08-06,17.3,87.90939073452904,53.067978889470034,0.32599696393247674,0.3922459518555392
2021-08-07,17.3,76.2067080082666,46.00345808369076,0.3760586860345882,0.39527163203455024
2021-08-08,17.3,66.0619109850815,39.87938112483536,0.43380813623575065,0.39876195077480536
2021-08-09,29.9,83.2676106482309,46.57055415283431,0.6420365946661226,0.4213997696408182
2021-08-10,29.9,128.18285143595426,73.3709841742111,0.40751804458566115,0.4146011875014285
2021-08-11,29.9,125.11888103678957,69.60368466354393,0.42957495920701755,0.42218689079595545
2021-08-12,29.9,128.46279281226498,78.33789597600688,0.3816798961406583,0.42809618297175367
2021-08-13,29.9,145.361556029139,87.90939073452904,0.3401229351059065,0.43011417885367215
2021-08-14,29.9,126.01072039495835,76.2067080082666,0.39235391189915414,0.43244206826289583
2021-08-15,29.9,109.23590864198887,66.0619109850815,0.45260573837702334,0.43512743999736336
2021-08-16,39.3,112.69419506087003,83.2676106482309,0.4719722313880873,0.41083253095764405
2021-08-17,39.3,151.6921071284043,128.18285143595426,0.3065932732791171,0.3964147064852806
2021-08-18,39.3,148.49853523615067,125.11888103678957,0.31410127451862635,0.3799184658155105
2021-08-19,39.3,166.73009834149263,128.46279281226498,0.30592515653487984,0.36909636015754205
2021-08-20,39.3,167.53463747541437,145.361556029139,0.27036034198837255,0.35913027542646575
2021-08-21,39.3,145.23207467009527,126.01072039495835,0.3118782265256566,0.3476337489445376
2021-08-22,39.3,125.89847586637374,109.23590864198887,0.35977180478996434,0.3343717584321006
2021-08-23,38.1,144.138606340791,112.69419506087003,0.338083074992646,0.3152447360898947
2021-08-24,38.1,185.9505723376231,151.6921071284043,0.2511666606868947,0.30732664857672004
2021-08-25,38.1,200.19644160538292,148.49853523615067,0.25656818728488634,0.2991076361147572
2021-08-26,38.1,201.54587083633422,166.73009834149263,0.2285130302146436,0.28804876092615206
2021-08-27,38.1,210.71566121392277,167.53463747541437,0.22741565907880487,0.2819138062247852
2021-08-28,38.1,182.66474983759616,145.23207467009527,0.26233874360430914,0.2748367372360213
2021-08-29,38.1,158.3480346976077,125.89847586637374,0.30262479142669385,0.2666728781841255
2021-08-30,52.3,183.26841174823105,144.138606340791,0.362845189971836,0.2702103231811526
2021-08-31,52.3,259.87133586685803,185.9505723376231,0.2812575371106735,0.27450901981312104
2021-09-01,52.3,245.27671784153594,200.19644160538292,0.26124340463099294,0.275176908005422
2021-09-02,52.3,243.62496602008858,201.54587083633422,0.25949427682629295,0.27960280037851476
2021-09-03,52.3,274.19309887020376,210.71566121392277,0.2482017696202656,0.28257224474158055
2021-09-04,52.3,237.69193767459612,182.66474983759616,0.28631687310495846,0.2859976918131019
2021-09-05,52.3,206.04988771890496,158.3480346976077,0.3302851222617046,0.28994916764667483
2021-09-06,43.4,178.62009390952505,183.26841174823105,0.23681113174932564,0.2719443021863162
2021-09-07,43.4,196.84181186146927,259.87133586685803,0.1670057217169787,0.25562261427293126
2021-09-08,43.4,284.63781644949086,245.27671784153594,0.17694300699196042,0.24357970032449802
2021-09-09,43.4,280.74623251321236,243.62496602008858,0.17814266209654953,0.23195804107739185
2021-09-10,43.4,289.3727044038297,274.19309887020376,0.15828261243199446,0.21911244719335313
2021-09-11,43.4,250.850802238622,237.69193767459612,0.182589281002098,0.20429421975008735
2021-09-12,43.4,217.4570165952648,206.04988771890496,0.21062860300708658,0.18720043128514188
2021-09-13,39.0,224.50868183204355,178.62009390952505,0.2183404965611223,0.1845617691153986
2021-09-14,39.0,287.62161458224364,196.84181186146927,0.19812863756531007,0.18900789995087447
2021-09-15,39.0,250.33282117181156,284.63781644949086,0.13701622815435197,0.1833040744026447
2021-09-16,39.0,252.0079902559578,280.74623251321236,0.13891548837851136,0.17770019244292495
2021-09-17,39.0,261.46015731334893,289.3727044038297,0.1347742872996554,0.17434186028116222
2021-09-18,39.0,226.654032040148,250.850802238622,0.15547090004081876,0.17046780585812235
2021-09-19,39.0,196.48137126487387,217.4570165952648,0.1793457880119249,0.16599883228738496
2021-09-20,40.1,213.32535846212954,224.50868183204355,0.17861224640746445,0.16032336797971958
2021-09-21,40.1,243.92703870710548,287.62161458224364,0.1394192855020416,0.1519363176849669
2021-09-22,40.1,229.45495900669684,250.33282117181156,0.16018674583816586,0.15524639163979748
2021-09-23,40.1,224.90943295098936,252.0079902559578,0.15912193878960545,0.15813302741281093
2021-09-24,40.1,220.96901687055794,261.46015731334893,0.15336944799563418,0.1607894789408079
2021-09-25,40.1,191.5531572546117,226.654032040148,0.17692162649414925,0.16385386843414082
2021-09-26,40.1,166.05319865139404,196.48137126487387,0.20409059516355743,0.16738884088437403
2021-09-27,32.1,169.94784809372015,213.32535846212954,0.15047437506450287,0.16336914497823665
2021-09-28,32.1,194.32403362254703,243.92703870710548,0.1315967273252719,0.16225163666726955
2021-09-29,32.1,179.45521013769724,229.45495900669684,0.13989673676681416,0.15935306394279075
2021-09-30,32.1,172.56575566339447,224.90943295098936,0.14272411600893148,0.1570105178312659
2021-10-01,32.1,162.5934398382864,220.96901687055794,0.145269234821296,0.15585334452064617
2021-10-02,32.1,140.94865964017123,191.5531572546117,0.16757750412504455,0.15451846989648832
2021-10-03,32.1,122.18527804147482,166.05319865139404,0.19331154269054193,0.15297860525748613
2021-10-04,22.3,143.91971720898567,169.94784809372015,0.13121672471958779,0.15022751235106968
2021-10-05,22.3,155.76082218676555,194.32403362254703,0.11475677806953764,0.1478218053145362
2021-10-06,22.3,221.02561440062482,179.45521013769724,0.12426499059508529,0.14558869871857497
2021-10-07,22.3,196.60222040260714,172.56575566339447,0.12922610232993284,0.14366041105014657
2021-10-08,22.3,181.43011990883437,162.5934398382864,0.13715190491190377,0.14250079249166198
2021-10-09,22.3,157.27776129799395,140.94865964017123,0.15821363648955455,0.1411630971151634
2021-10-10,22.3,136.34061539141538,122.18527804147482,0.18250971276940944,0.1396199785550016
2021-10-11,23.3,155.19066632115744,143.91971720898567,0.1618958156106303,0.14400270582515054
2021-10-12,23.3,208.5313588813162,155.76082218676555,0.1495883218442572,0.1489786406501105
2021-10-13,23.3,204.77122641908676,221.02561440062482,0.10541764610941008,0.1462861628664426
2021-10-14,23.3,185.51165068744683,196.60222040260714,0.11851341227116181,0.14475577857233243
2021-10-15,23.3,174.81595012712324,181.43011990883437,0.12842410075960853,0.14350894940771883
2021-10-16,23.3,151.5440836890331,157.27776129799395,0.1481455471371666,0.14207065092880627
2021-10-17,23.3,131.37021698791477,136.34061539141538,0.17089551732701855,0.14041148015132185
2021-10-18,24.4,121.88193779220919,155.19066632115744,0.1572259503642166,0.13974435654469133
2021-10-19,24.4,168.65675825079256,208.5313588813162,0.11700878050618298,0.1350901363535379
2021-10-20,24.4,153.20481637112115,204.77122641908676,0.11915736613337816,0.13705295349981902
2021-10-21,24.4,146.80986944740974,185.51165068744683,0.13152812726091004,0.13891219849835448
2021-10-22,24.4,141.2662312891689,174.81595012712324,0.13957536473220392,0.14050523620872526
2021-10-23,24.4,122.46057388557813,151.5440836890331,0.16100925490478762,0.14234290874695685
2021-10-24,24.4,106.1583650921319,131.37021698791477,0.18573464031230644,0.14446278345914082
2021-10-25,28.1,108.0263405719803,121.88193779220919,0.23055097834025562,0.15493778745571782
2021-10-26,28.1,140.6456472327361,168.65675825079256,0.16661057814365973,0.1620237585467859
2021-10-27,28.1,131.9226032821192,153.20481637112115,0.18341459926384404,0.17120336327970964
2021-10-28,28.1,126.36078926277992,146.80986944740974,0.19140402553158042,0.17975706303266253
2021-10-29,28.1,109.53937560689396,141.2662312891689,0.19891519539782945,0.18823418169918046
2021-10-30,28.1,94.95726386605051,122.46057388557813,0.2294616063636565,0.19801308905044746
2021-10-31,28.1,82.31635346622568,106.1583650921319,0.26469887677351467,0.20929369425919148
2021-11-01,25.3,87.3582276078953,108.0263405719803,0.23420213871951037,0.20981528859908502
2021-11-02,25.3,126.72891687463061,140.6456472327361,0.17988469958216577,0.21171159166172876
2021-11-03,25.3,167.85849729789513,131.9226032821192,0.19177911419694643,0.21290652236645766
2021-11-04,25.3,227.51282159282087,126.36078926277992,0.20022033850537382,0.21416599564842814
2021-11-05,25.3,214.22583694862232,109.53937560689396,0.2309671737658483,0.21874484970100225
2021-11-06,25.3,185.70764360624656,94.95726386605051,0.2664356466261383,0.2240268554527854
2021-11-07,25.3,160.98585205693826,82.31635346622568,0.3073508353401559,0.230119992390877
2021-11-08,26.3,162.5550773206121,87.3582276078953,0.30105922155434217,0.2396710042244244
2021-11-09,26.3,173.91540402142058,126.72891687463061,0.20752958873638808,0.24362027410359896
2021-11-10,26.3,166.76342017229337,167.85849729789513,0.15667958681487487,0.2386060559061602
2021-11-11,26.3,144.56352343411473,227.51282159282087,0.11559788066392603,0.22651713335738194
2021-11-12,26.3,151.31892357505154,214.22583694862232,0.1227676379964734,0.21106005681889983
2021-11-13,26.3,131.17503066119892,185.70764360624656,0.14162044969868628,0.1932293144006924
2021-11-14,26.3,113.71273507924579,160.98585205693826,0.16336839333370792,0.17266039411405695
2021-11-15,24.1,137.5750569603454,162.5550773206121,0.14825744232194527,0.15083156850942883
2021-11-16,24.1,170.26077643579583,173.91540402142058,0.13857311912998624,0.14098064427994286
2021-11-17,24.1,163.5953042864979,166.76342017229337,0.14451610536112078,0.1392430040722637
2021-11-18,24.1,151.8171537888712,144.56352343411473,0.16670872034316217,0.14654455259786886
2021-11-19,24.1,149.606935422547,151.31892357505154,0.1592662664431843,0.15175864237597042
2021-11-20,24.1,129.6909459671586,131.17503066119892,0.1837239898364948,0.1577734338242288
2021-11-21,24.1,112.42621485662472,113.71273507924579,0.21193756339784495,0.16471188669053408
2021-11-22,19.7,116.45980101177351,137.5750569603454,0.1431945618287356,0.16398861804864698
2021-11-23,19.7,128.9564277064103,170.26077643579583,0.11570486410549605,0.1607217244737198
2021-11-24,19.7,117.78947720941909,163.5953042864979,0.12041910423969247,0.15727929574208718
2021-11-25,19.7,102.1090946159731,151.8171537888712,0.1297613577145331,0.15200110108085446
2021-11-26,19.7,88.51611748608734,149.606935422547,0.1316783873980153,0.14805997550297317
2021-11-27,19.7,76.73266602037971,129.6909459671586,0.1518995782865875,0.14351363099584358
2021-11-28,19.7,66.51785236197888,112.42621485662472,0.17522603625073638,0.1382691271176852
2021-11-29,17.3,85.66285615144491,116.45980101177351,0.1485491117939576,0.13903406282700262
2021-11-30,17.3,114.25923682716649,128.9564277064103,0.13415384023653468,0.14166963084572243
2021-12-01,17.3,112.0488072477927,117.78947720941909,0.14687220293237363,0.14544864494467688
2021-12-02,17.3,114.13263469647946,102.1090946159731,0.16942663202591682,0.151115112703446
2021-12-03,17.3,111.93905865863881,88.51611748608734,0.19544463190807207,0.16022457620488267
2021-12-04,17.3,97.03749607001319,76.73266602037971,0.2254580858093114,0.17073293442241466
2021-12-05,17.3,84.11966079018954,66.51785236197888,0.2600805556056791,0.1828550086159779
2021-12-06,12.3,84.92147487349722,85.66285615144491,0.14358615335279748,0.18214601455295504
2021-12-07,12.3,100.61654978202509,114.25923682716649,0.10764994009723274,0.1783597431044833
2021-12-08,12.3,90.2222633551515,112.0488072477927,0.10977359154568157,0.17305994147781303
2021-12-09,12.3,92.2116861680215,114.13263469647946,0.10776935127021481,0.16425175851271273
2021-12-10,12.3,79.93627283775734,111.93905865863881,0.10988121704247293,0.15202841353191285
2021-12-11,12.3,69.29498831145257,97.03749607001319,0.12675512557666851,0.13792799064153533
2021-12-12,12.3,60.070293930645384,84.11966079018954,0.14622027578877836,0.12166223638197805
2021-12-13,13.4,75.07361023997396,84.92147487349722,0.15779283178914677,0.12369176187288511
2021-12-14,13.4,96.07965357149236,100.61654978202509,0.13317888586946836,0.12733875412606163
2021-12-15,13.4,95.28932829678033,90.2222633551515,0.14852209977544184,0.13287425530174166
2021-12-16,13.4,101.60421278251847,92.2116861680215,0.14531780685132994,0.1382383203847581
2021-12-17,13.4,97.07844658268017,79.93627283775734,0.1676335351186227,0.14648865153849377
2021-12-18,13.4,84.15515988460398,69.29498831145257,0.19337617808336285,0.15600594475373583
2021-12-19,13.4,72.95224825390623,60.070293930645384,0.22307198988356994,0.1669847610529918
2021-12-20,16.1,67.24069174840008,75.07361023997396,0.2144561843840479,0.17507952570940621
2021-12-21,16.1,95.28946964060242,96.07965357149236,0.16756929694818348,0.1799924415777941
2021-12-22,16.1,98.60433531035412,95.28932829678033,0.16895910893459404,0.18291201431481582
2021-12-23,16.1,92.47791910010244,101.60421278251847,0.15845799656419451,0.1847891842737965
2021-12-24,16.1,80.167064282764,97.07844658268017,0.16584525779662004,0.18453371608493896
2021-12-25,16.1,69.49505631458025,84.15515988460398,0.19131328396353586,0.18423901692496367
2021-12-26,16.1,60.243728461003926,72.95224825390623,0.22069230743876253,0.1838990622899912
