Time,S_prop,I_prop,H_prop,M_prop,D_prop
0,0.9986,0.0014,0,0,0
0.0648297768861738,0.998532426922981,0.00145114684227175,3.18667692751514e-06,8.28834186381732e-06,4.34065869545059e-07
0.129659553772348,0.998462441947289,0.00150415553130661,6.2897206483698e-06,1.69994903164281e-05,9.13995253524184e-07
0.194489330658521,0.998389954661536,0.0015590933333267,9.31860324758014e-06,2.61413219273073e-05,1.43957979490771e-06
0.259319107544695,0.998314871537846,0.00161602996389026,1.22823947329506e-05,3.5722455518041e-05,2.01071624584155e-06
0.315967819050624,0.998247062511059,0.00166747452029434,1.48256857069471e-05,4.44614930771669e-05,2.5470719718495e-06
0.372616530556552,0.998177131251465,0.00172055003577911,1.73313939818591e-05,5.35498329175204e-05,3.11828179737699e-06
0.429265242062481,0.998105009296444,0.00177530777657956,1.98048325704175e-05,6.29946432756378e-05,3.72447475954492e-06
0.485913953568409,0.998030626101259,0.00183180062588944,2.22511392855604e-05,7.28035296692346e-05,4.36583587575327e-06
0.540923851588394,0.997956161869959,0.00188837136699469,2.46054118473764e-05,8.26847047364297e-05,5.02252827192447e-06
0.595933749608378,0.997879428446062,0.00194668105385562,2.69431500729618e-05,9.29245539453045e-05,5.71288472880526e-06
0.650943647628362,0.997800355407083,0.0020067826259679,2.92685998472858e-05,0.000103531246967856,6.43722664581177e-06
0.705953545648346,0.997718870236567,0.00206873063545908,3.15858929013398e-05,0.000114513354727049,7.19592229917259e-06
0.759631565964804,0.99763696137204,0.00213101241109074,3.38430582063865e-05,0.000125600039220607,7.969762072078e-06
0.813309586281262,0.997552613457502,0.00219515945473521,3.609990015903e-05,0.000137061438734261,8.77713826464603e-06
0.86698760659772,0.997465753170871,0.00226122702307583,3.83599555916662e-05,0.000148906644157044,9.61852296499833e-06
0.920665626914178,0.997376305056333,0.00232927200582567,4.06266885841631e-05,0.000161145128671466,1.04944294539161e-05
0.973089931978676,0.997286373928987,0.00239769244141837,4.28501719725395e-05,0.000173486816493068,1.13837310340724e-05
1.02551423704317,0.997193826174194,0.0024681108563707,4.50863447164932e-05,0.0001862225696112,1.23070454601925e-05
1.07793854210767,0.997098585433439,0.00254058488315942,4.73382427819679e-05,0.000199362292307622,1.32649658090581e-05
1.13036284717217,0.997000573177735,0.00261517380733963,4.96088591146506e-05,0.000212916259363859,1.42581224308428e-05
1.18159902138444,0.996902026850166,0.0026901742489966,5.18489299374945e-05,0.000226573520331113,1.5263458195508e-05
1.2328351955967,0.996800678769782,0.00276731144490541,5.41124073786278e-05,0.000240646917415425,1.63037476587691e-05
1.28407136980897,0.996696449449881,0.00284664543822652,5.64019744913622e-05,0.000255147092492052,1.73796838529845e-05
1.33530754402124,0.996589257199991,0.00292823794387291,5.87202929062393e-05,0.000270085050997124,1.84919943825268e-05
1.38541658088421,0.996481476630247,0.00301028089991448,6.10179551835185e-05,0.000285128751359677,1.96157500898817e-05
1.43552561774718,0.996370701283275,0.00309460557012391,6.33480897458911e-05,0.000300613037712763,2.07757722048486e-05
1.48563465461015,0.996256848465495,0.00318127444019191,6.57131337454955e-05,0.000316549238430336,2.19728388360649e-05
1.53574369147312,0.996139833249301,0.00327035168469076,6.81155187542256e-05,0.000332949041924853,2.32077608227879e-05
1.58478267564922,0.996022171221674,0.00335992182372828,7.0505087419525e-05,0.00034945907733868,2.445377409716e-05
1.63382165982532,0.995901313158795,0.003451924961434,7.29350093068614e-05,0.00036643629864302,2.57376728831513e-05
1.68286064400143,0.995777173090774,0.00354642605534868,7.54075537771197e-05,0.000383892687279547,2.70603098504826e-05
1.73189962817753,0.995649662786224,0.00364349176732635,7.7924996344821e-05,0.000401840583630225,2.84225691707288e-05
1.77992212479693,0.995521442270418,0.00374109671175003,8.04359645498324e-05,0.000419905007112679,2.97958716121186e-05
1.82794462141634,0.995389815916987,0.00384129240576034,8.29943238012898e-05,0.000438465215937778,3.12089386943081e-05
1.87596711803574,0.995254694417654,0.00394414630530479,8.56022331815401e-05,0.000457533823904058,3.2662690254837e-05
1.92398961465515,0.995115986177848,0.00404972758421504,8.82618667010152e-05,0.000477123804381946,3.41580768441487e-05
1.97104600971328,0.994976498741476,0.00415589874402954,9.09202772962654e-05,0.000496838271523013,3.56647122783409e-05
2.01810240477142,0.99483338682483,0.0042648250145128,9.3632525897399e-05,0.000517079029823244,3.72132188710165e-05
2.06515879982956,0.994686557725311,0.00437657637352539,9.64007040237221e-05,0.00053785931400434,3.88045784895137e-05
2.1122151948877,0.99453591643188,0.0044912245283449,9.92269247462334e-05,0.000559192720230828,4.04398032431749e-05
2.15835300001963,0.994384420649227,0.00460651799024115,0.000102056387741422,0.000580660170965329,4.20867012341729e-05
2.20449080515156,0.994229072615132,0.0047247376799215,0.000104945732853005,0.000602686274471819,4.37777816527824e-05
2.25062861028349,0.994069776182112,0.00484595611729805,0.000107897016040413,0.000625284881828171,4.55140849042501e-05
2.29676641541543,0.993906432874806,0.00497024756100262,0.00011091231986066,0.000648470208315547,4.7296681396479e-05
2.34203054199798,0.9937421526954,0.0050952450396735,0.000113934775307002,0.000671800728586202,4.90915713727347e-05
2.38729466858053,0.993573783078901,0.00522334676751666,0.00011702289567519,0.000695724100901452,5.09331445376251e-05
2.43255879516308,0.993401224387307,0.00535462782291562,0.000120178725555076,0.000720254793299724,5.28224975575921e-05
2.47782292174564,0.993224374638133,0.00548916502983798,0.000123404340011238,0.000745407641420746,5.4760757032002e-05
2.52225592841625,0.993046497684836,0.00562447488912102,0.000126640636786206,0.000770718465765062,5.67121127513462e-05
2.56668893508687,0.992864284406397,0.00576307407411271,0.000129948227703001,0.000796658186314866,5.87128321797134e-05
2.61112194175748,0.992677631633389,0.00590504023398116,0.000133329164432629,0.000823241892649545,6.07640668765564e-05
2.65555494842809,0.992486433838288,0.00605045276767822,0.000136785532122794,0.000850485045801829,6.28669983894411e-05
2.69919726555495,0.992294109608012,0.00619671112006188,0.000140255872998412,0.000877900674389864,6.49840055213637e-05
2.74283958268181,0.992097192168836,0.00634645108363551,0.000143803066624571,0.000905983115963308,6.71532311269848e-05
2.78648189980867,0.991895574783699,0.00649975288612683,0.000147429185957505,0.000934748089356503,6.93758809799431e-05
2.83012421693553,0.991689148347036,0.0066566985063366,0.000151136339768758,0.00096421168902786,7.165319098959e-05
2.87301435113274,0.99148148628876,0.00681457040053611,0.000154860629087981,0.000993864101629252,7.39457327482715e-05
2.91590448532994,0.991268963840442,0.00697612355737906,0.000158667323952098,0.00102422316156352,7.62935197654664e-05
2.95879461952715,0.991051470666012,0.00714144078590957,0.000162558529642017,0.00105530522717681,7.86978118824592e-05
3.00168475372435,0.990828894053916,0.00731060664435629,0.000166536389082621,0.00108712703682746,8.11598992924185e-05
3.04385947509259,0.990604961499068,0.00748078735186008,0.000170534509465149,0.00111915599269735,8.36385565902982e-05
3.08603419646083,0.990375890762972,0.00765485650001958,0.000174620633781254,0.00115193340784582,8.61756583660407e-05
3.12820891782907,0.990141567884226,0.0078328994763977,0.000178796908300306,0.00118547629252139,8.87725188017182e-05
3.17038363919731,0.989901876522693,0.00801500341238403,0.000183065518365691,0.00121980204151298,9.14304826983955e-05
3.21187815376443,0.989660696441601,0.00819821982581109,0.00018735755585883,0.00125435545916534,9.41065464102606e-05
3.25337266833154,0.989414089451761,0.0083855395489812,0.000191743282809805,0.00128970119947662,9.68444288534422e-05
3.29486718289866,0.98916193794553,0.0085770505390239,0.000196224893342977,0.00132585693884553,9.96454991631819e-05
3.33636169746577,0.988904121937313,0.0087728424877504,0.00020080462176893,0.00136284074281932,0.000102511157398588
3.37720980689842,0.988644670494219,0.00896985464520524,0.000205411053852167,0.00140007515738336,0.000105396651141849
3.41805791633106,0.988379492136317,0.0091711928414024,0.000210116982337376,0.00143814789644153,0.00010834751738161
3.4589060257637,0.988108465594672,0.0093769475872579,0.000214924654699184,0.00147707731847017,0.000111365181100963
3.49975413519635,0.987831467227573,0.00958721111508949,0.000219836359451173,0.00151688217573376,0.000114451098539557
3.5399883857453,0.987552671103529,0.00979881386718371,0.000224778216741056,0.00155696327475898,0.000117558811003035
3.58022263629426,0.987267836419188,0.0100149734205213,0.000229825527778725,0.0015979309386746,0.000120735635398535
3.62045688684322,0.98697683823568,0.0102357828164381,0.000234980597827957,0.00163980422553859,0.000123983053694432
3.66069113739218,0.986679549251316,0.0104613367998765,0.000240245773826513,0.00168260259182782,0.000127302579468537
3.70070224643829,0.986377542142122,0.010690440500516,0.000245593304889221,0.00172610064791585,0.000130676733254863
3.74071335548441,0.986069055806853,0.0109244281568312,0.00025105447565762,0.00177055310280453,0.000134125275640531
3.78072446453053,0.985753958075506,0.0111633979521913,0.000256631718288968,0.00181598028112437,0.000137649789618621
3.82073557357664,0.985432114343319,0.0114074498131702,0.000262327508627385,0.00186240292549671,0.000141251891347734
3.86088186749844,0.985102265088472,0.011657536393518,0.000268164227650886,0.00191000422749409,0.000144945804536143
3.90102816142024,0.98476534537295,0.0119129461993187,0.000274125422222307,0.0019586508358763,0.000148721190812721
3.94117445534203,0.984421211825165,0.0121737854425278,0.000280213727278823,0.00200836499131909,0.000152579784956344
3.98132074926383,0.984069718483884,0.012440162174278,0.000286431824961408,0.00205916938825504,0.000156523357770576
4.02162432307602,0.983709295394249,0.0127132632267322,0.000292807588472903,0.00211129279299872,0.000160569678863655
4.06192789688822,0.983341152169437,0.0129921689640176,0.000299319723056081,0.00216456220846573,0.00016470533141251
4.10223147070042,0.982965133264192,0.0132769942618496,0.000305971087168015,0.00221900199542898,0.000168932218228863
4.14253504451261,0.98258108038543,0.0135678559291329,0.000312764590112251,0.00227463700751562,0.000173252281294059
4.18301212035837,0.982187125973967,0.0138661647946556,0.000319733379835507,0.00233174002428797,0.000177686717449259
4.22348919620413,0.981784740025268,0.0141708040236281,0.000326851569761165,0.00239010031748196,0.000182219178551288
4.26396627204989,0.981373753866233,0.0144818977565148,0.000334122262624211,0.0024497445826252,0.00018685175263834
4.30444334789564,0.980953995918898,0.014799572154827,0.000341548615719948,0.00251070005041408,0.000191586570343968
4.34511183847423,0.980523242855939,0.0151255055241525,0.000349170093681861,0.00257329230149869,0.000196448941117763
4.38578032905282,0.980083278916892,0.0154583432829377,0.000356955261836218,0.00263726491713071,0.000201418965950795
4.42644881963141,0.979633921294876,0.0157982194500828,0.000364907489385538,0.00270264716665377,0.000206498937345484
4.46711731021,0.979174984125798,0.0161452701434471,0.000373030203841776,0.00276946890029747,0.000211691194126198
4.50799724171643,0.978703815788215,0.0165014952919837,0.000381370487234581,0.00283811950213891,0.000217026016804275
4.54887717322285,0.978222582310042,0.0168652517885341,0.000389890155443951,0.0029082868380907,0.000222479174880355
4.58975710472928,0.977731085694501,0.0172366841494924,0.000398592867884907,0.0029800030184289,0.000228053186917544
4.6306370362357,0.977229124744589,0.0176159390533185,0.000407482346014411,0.00305330078361796,0.000233750621849653
4.67175085993461,0.976713531019247,0.0180054040269239,0.000416614879555883,0.00312864682494349,0.000239607785468283
4.71286468363351,0.976186935144154,0.0184030852869186,0.000425944059175852,0.00320566093666603,0.000245595153131299
4.75397850733242,0.975649122832189,0.0188091384595694,0.0004354738598763,0.00328437836915705,0.000251715493767393
4.79509233103132,0.975099876468422,0.0192237213752504,0.000445208322343306,0.00336483505602561,0.000257971631068446
4.83646528911652,0.974535402435353,0.019649689755964,0.000455214894218786,0.00344759162428939,0.000264407195045401
4.87783824720172,0.97395889772703,0.0200846229007678,0.000465437123459488,0.0035321845223761,0.00027098617628478
4.91921120528691,0.973370130630694,0.0205286881347501,0.000475879327702258,0.00361865247667443,0.000277711621511331
4.96058416337211,0.972768866001591,0.0209820550000368,0.000486545893717529,0.00370703495373208,0.000284586636970276
5.00224472637802,0.972150551935343,0.0214481462120856,0.000497517827826237,0.00379800707728454,0.000291663784043858
5.04390528938393,0.971519077279153,0.0219240203344242,0.000508726389232183,0.00389100299725144,0.000298899090295757
5.08556585238985,0.970874191738898,0.0224098569334686,0.000520176266927821,0.00398606529432662,0.000306295911304244
5.12722641539576,0.970215641518077,0.0229058377661564,0.000531872222156019,0.00408323735022362,0.00031385766730964
5.16920680917996,0.969537952247307,0.0234160741147637,0.000543911787822901,0.00418333432562583,0.000321647848793244
5.21118720296417,0.968845859928933,0.023936987951904,0.000556211147933022,0.0042856644543467,0.000329612676997091
5.25316759674837,0.968139094532549,0.0244687715499346,0.000568775393160767,0.00439027459875667,0.000337755851644567
5.29514799053258,0.967417382502326,0.0250116192924889,0.0005816096890251,0.00449721248702305,0.000346081142663231
5.33748483657005,0.966674123591877,0.0255704812692953,0.000594831781402211,0.00460746520479626,0.000354665465724803
5.37982168260752,0.965915093978478,0.0261409992158009,0.000608339306935473,0.00472018549686183,0.000363442926022935
5.422158528645,0.965140002771987,0.0267233784541348,0.000622137789746696,0.00483542499183,0.000372417607692874
5.46449537468247,0.964348555598773,0.0273178262686321,0.00063623283061703,0.00495323625264353,0.000381593671027324
5.50723047520098,0.963532773032871,0.027930318121505,0.000650766991449214,0.00507481833209104,0.000391064593763871
5.54996557571949,0.962699712483142,0.0285555365886546,0.000665615013161018,0.00519913125362596,0.000400749454877714
5.592700676238,0.961849061151495,0.0291937002065068,0.000680782886212856,0.00532623196372092,0.000410652769070384
5.63543577675651,0.960980502886286,0.0298450292327306,0.000696276678413221,0.00545617841511614,0.000420779133566599
5.67861708717937,0.960084361841481,0.0305167574398101,0.000712269549640368,0.0055904322338005,0.000431242556031732
5.72179839760223,0.959169279364297,0.0312023842119225,0.000728607868275838,0.00572771355604612,0.00044194339956803
5.7649797080251,0.958234919837864,0.0319021412049166,0.000745298124603504,0.00586808527698817,0.000452886662620209
5.80816101844796,0.957280944539833,0.0326162614344408,0.000762346885349423,0.00601161137270757,0.00046407743292083
5.85184386546502,0.956295581292442,0.0333535296306559,0.00077996522023464,0.00616008046632585,0.000475655304045439
5.89552671248209,0.955289437906048,0.0341059797781416,0.000797964181907412,0.0063119126357048,0.000487497211976114
5.93920955949915,0.954262155259702,0.0348738561877193,0.000816350793695783,0.00646717744965226,0.000499608700526928
5.98289240651622,0.953213371532842,0.0356574040108598,0.000835132152233408,0.00662594563424794,0.000511995409926737
6.02714103300238,0.952128710324428,0.0364673292200782,0.000854566554955076,0.00679041550533056,0.000524829016129248
6.07138965948854,0.951021232812583,0.0372938424349951,0.000874420870514937,0.00695862970039814,0.000537956963328122
6.11563828597471,0.949890556037882,0.0381371996346866,0.000894702686894388,0.00713066530000979,0.000551385412598289
6.15988691246087,0.948736294957415,0.0389976569132416,0.000915419659144755,0.00730660061822425,0.000565120628846205
6.20477646475446,0.947540818367698,0.0398883138627065,0.000936889291759082,0.00748915082170954,0.000579374797761395
6.24966601704805,0.94632026580381,0.0407971000069842,0.000958822844138776,0.00767588066874451,0.000593957991809328
6.29455556934163,0.945074230663762,0.041724281270741,0.000981228496825838,0.00786687572674661,0.000608877073826422
6.33944512163522,0.943802305158459,0.0426701226971136,0.00100411448690193,0.00806222287004346,0.000624139018059242
6.38506424669454,0.942482761602174,0.0436507258889812,0.00102787308467323,0.00826529449378488,0.000640007572747633
6.43068337175386,0.941135628001663,0.0446511484438795,0.00105214507250039,0.00847304571179078,0.000656245089320821
6.47630249681317,0.939760475097784,0.0456716634707326,0.00107693924445771,0.00868557172135569,0.000672859232559457
6.52192162187249,0.938356873715158,0.0467125418435982,0.00110226443467127,0.0089029690930887,0.000689857786180532
6.56837592419743,0.936897898006476,0.0477936795758278,0.00112860812894151,0.00912945368998845,0.000707570743284019
6.61483022652236,0.935408526670871,0.0488964911987117,0.00115552105633773,0.00936119595264621,0.000725698970196531
6.66128452884729,0.933888309946231,0.0500212527700094,0.00118301263348031,0.0095983020596397,0.00074425105361088
6.70773883117222,0.932336799928022,0.0511682362866431,0.0012110922922518,0.00984087961581612,0.0007632357062797
6.75515557194472,0.930720410581089,0.0523621780573119,0.00124036999212453,0.0100942387367379,0.000783068963811881
6.80257231271723,0.929070483220138,0.0535798296926432,0.00127028027230948,0.0103535292596328,0.000803371629941625
6.84998905348973,0.927386551467388,0.0548214638516976,0.00130083316114829,0.0106188699582465,0.000824153358622891
6.89740579426223,0.925668153257047,0.0560873466756507,0.00133203866579596,0.0108903810621319,0.0008454239360225
6.94594043909233,0.923873069746928,0.0574084575140599,0.00136466616794866,0.0111748106593944,0.0008677126140683
6.99447508392243,0.922040912673312,0.0587555146150328,0.0013979985357731,0.0114659643608321,0.000890534615682066
7.04300972875253,0.920171205520842,0.0601287778229512,0.00143204636610279,0.0117639754857094,0.000913900840635406
7.09154437358263,0.918263479471257,0.0615284971557246,0.00146682018157078,0.012068978799613,0.000937822325172517
7.1413899886283,0.916264167136448,0.0629938135797482,0.00150329990101849,0.0123896416081262,0.000962979643247422
7.19123560367398,0.914223780658277,0.0644875341594784,0.00154056756986381,0.0127179719208845,0.000988746634127899
7.24108121871965,0.912141843791028,0.066009891966263,0.00157863425730706,0.0130541199936126,0.00101513566645164
7.29092683376532,0.91001789266199,0.0675611057715161,0.00161751088142379,0.0133982374549413,0.00104215924617622
7.34232805928998,0.907783177769314,0.0691911671025035,0.00165846041616604,0.0137616025028975,0.00107070412845752
7.39372928481464,0.905502828544209,0.0708523353979726,0.0017002942664272,0.0141337736975661,0.0010999512106744
7.4451305103393,0.903176385506174,0.0725447961038891,0.00174302379032747,0.0145149212144982,0.0011299146147646
7.49653173586396,0.900803408047543,0.0742687142705926,0.00178666008268869,0.0149052164240071,0.00116060859486496
7.54980650764531,0.898294378161399,0.0760888199318331,0.00183285539320896,0.0153195758127574,0.00119320771785148
7.60308127942666,0.895734464420769,0.0779430064831544,0.00188004811174653,0.0157441401668963,0.00122662322004332
7.656356051208,0.893123250328942,0.0798313800792456,0.00192824955442344,0.0161791033894384,0.00126087134902359
7.70963082298935,0.890460347404075,0.0817540180703701,0.00197747060844448,0.0166246602260228,0.00129596846904546
7.76520609653449,0.887626982505877,0.0837962457954401,0.00202991500351177,0.017100957974355,0.00133350372609842
7.82078137007962,0.884736606781552,0.0858758294878402,0.00208349164583859,0.0175892190207829,0.00137199959237317
7.87635664362476,0.881788889125736,0.0879927466181744,0.00213821122046301,0.0180896660041473,0.00141147494568146
7.93193191716989,0.878783539549407,0.0901469340384308,0.00219408373372711,0.0186025217564088,0.00145194874649579
7.99040695979725,0.875558886896655,0.0924536432530614,0.00225412648005565,0.0191557785359322,0.00149563321287648
8.04888200242461,0.872269924368256,0.0948013218080238,0.00231546590433196,0.0197232785158585,0.0015404663036498
8.10735704505197,0.868916477237236,0.0971897382151929,0.00237811099463856,0.020305279945664,0.00158647024426698
8.16583208767933,0.865498431217972,0.0996186033088201,0.0024420696709019,0.0209020400863001,0.00163366727470768
8.22557328752082,0.861939608546323,0.102141469857917,0.00250877689538244,0.0215272296212827,0.00168314150377734
8.28531448736231,0.858313320708983,0.104705754142268,0.00257686843030518,0.0221683620844771,0.00173390789548846
8.3450556872038,0.854619657859566,0.107310948971127,0.00264634901627051,0.0228257060296569,0.00178599000590265
8.40479688704529,0.850858786425705,0.109956476655947,0.00271722195520496,0.0234995273387917,0.00183941129079872
8.46214189553266,0.847185768760709,0.11253323022619,0.00278656364546677,0.0241620652475362,0.00189197120385357
8.51948690402003,0.843451337263183,0.115145909729107,0.00285719032517588,0.0248402567147658,0.00194580697512038
8.57683191250741,0.839655849547396,0.117793812821701,0.00292910099351999,0.0255343274851138,0.00200093888605741
8.63417692099478,0.835799735210068,0.120476172630537,0.00300229320461409,0.0262444995426096,0.00205738702110127
8.68957624138512,0.83201735228804,0.123099463552202,0.00307421545027879,0.0269460715553658,0.00211318854256381
8.74497556177546,0.828179375412051,0.125753327660562,0.00314732534403325,0.0276630665479532,0.00217025468389189
8.80037488216579,0.824286390551782,0.128436898161501,0.00322161673469924,0.0283956724895872,0.00222860284508451
8.85577420255613,0.820339050522194,0.131149250152616,0.00329708204066984,0.0291440727390864,0.00228825015172353
8.90957925482516,0.816453956979813,0.1338101661306,0.0033714908215151,0.0298862240273107,0.00234744050252222
8.96338430709419,0.812518992031754,0.136496350466136,0.00344698893119472,0.0306436007117812,0.00240788727932601
9.01718935936322,0.808534937883399,0.139206798323375,0.00352356551809416,0.0314163563696651,0.00246960525984865
9.07099441163225,0.80450263769514,0.14194045363566,0.00360120833408904,0.0322046392975683,0.00253260888419564
9.12346678476284,0.800524607064334,0.144627695243215,0.00367794197104359,0.0329884890950667,0.0025953037188912
9.17593915789342,0.796502444880514,0.147334883418248,0.00375566285553585,0.03378736935211,0.00265924738487907
9.228411531024,0.792437100195145,0.150060900858516,0.00383435582744864,0.0346014014440311,0.00272445219566332
9.28088390415458,0.788329576366538,0.152804586405743,0.00391400438472025,0.0354307009497515,0.00279093007575746
9.33222039649797,0.784271165072953,0.155504820453512,0.00399283643603976,0.0362569290078556,0.00285721199237914
9.38355688884136,0.780174432198519,0.158219646543952,0.00407254824839065,0.0370979723153523,0.00292473385361953
9.43489338118475,0.776040464718615,0.160947861015229,0.00415312074314015,0.0379539215855157,0.00299350560887692
9.48622987352815,0.771870396573243,0.163688224172922,0.00423453357580542,0.0388248613630722,0.00306353677795264
9.53657832581674,0.767746660640212,0.166386415413417,0.00431517491983998,0.0396936747682802,0.00313345215031064
9.58692677810534,0.76359049073059,0.169093832188396,0.00439658237914137,0.0405770500687904,0.00320459576341066
9.63727523039394,0.759403082172527,0.171809211640908,0.00447873337961303,0.0414750485636322,0.00327697527335762
9.68762368268254,0.755185669355009,0.174531263026365,0.00456160417894181,0.0423877251513849,0.00335059787651672
9.73709405386479,0.751013816689698,0.177211064324222,0.00464370670105303,0.0432988278032694,0.00342415376982192
9.78656442504704,0.746815466883578,0.179894761834132,0.00472645555884525,0.0442241872787966,0.00349892216664802
9.83603479622929,0.742591893104181,0.182581061608003,0.00480982515848603,0.045163836672151,0.00357490849210856
9.88550516741154,0.73834439931249,0.185268650082108,0.00489378885590215,0.0461178025840213,0.00365211769189068
9.93417831250214,0.734143304395104,0.187912892289019,0.00497695243513641,0.0470703868846,0.00372928044648556
9.98285145759274,0.729921641434729,0.190555808750741,0.00506063717248708,0.048036862036795,0.00380763504205383
10.0315246026833,0.725680730357472,0.193196102816688,0.00514481498845517,0.049017234279359,0.00388718474191794
10.0801977477739,0.721421913504059,0.195832466375172,0.00522945688900448,0.0500115034003666,0.00396793232072729
10.1281331533827,0.717211472747146,0.198423746987505,0.00531324042299495,0.0510042783766785,0.00404862900441686
10.1760685589914,0.712986307830648,0.201008669953097,0.00539741589251458,0.0520105128968474,0.00413049141425788
10.2240039646001,0.708747754690385,0.203585963533304,0.00548195331717092,0.0530301879435409,0.00421352073844444
10.2719393702088,0.704497163470786,0.206154352296999,0.00556682195144183,0.0540632782201872,0.00429771767743125
10.319182327267,0.70029752272276,0.208675682427945,0.0056507580576767,0.0550945402260495,0.00438184099082445
10.3664252843251,0.696088828196844,0.211185898485092,0.00573495465234026,0.0561387656150027,0.00446709833102828
10.4136682413832,0.691872402645659,0.213683779217258,0.00581938047049426,0.0571959120040874,0.00455348892075878
10.4609111984413,0.687649575282505,0.216168106803851,0.00590400364003429,0.0582659310183518,0.00464101150545698
10.507499366966,0.683480307878235,0.218603546226252,0.00598761559275911,0.059333672789966,0.00472842790132466
10.5540875354908,0.679307395218923,0.221023468758507,0.00607135644469332,0.0604138220122007,0.00481694129384921
10.6006757040155,0.675132120527024,0.223426725951427,0.00615519426746429,0.0615063150941562,0.00490654907335425
10.6472638725402,0.670955766447974,0.225812179046427,0.00623909668631579,0.0626110828377811,0.00499724817180758
10.6932329100241,0.666835105815068,0.228147379258573,0.00632191543143019,0.0637131269121638,0.00508780814533551
10.739201947508,0.66271586833266,0.230463075717541,0.00640473345585681,0.0648269715088205,0.00517942333580805
10.785170984992,0.658599275281585,0.232758210890556,0.00648751876455594,0.0659525341778626,0.00527208945368968
10.8311400224759,0.654486541228424,0.235031742182637,0.00657023907404298,0.0670897273225902,0.00536580177703298
10.8765279159289,0.650430765893057,0.237254332225958,0.00665181808934208,0.068223864264671,0.00545935079364617
10.921915809382,0.646381081588026,0.239453888728594,0.00673327065820638,0.0693691549226273,0.0055539093065783
10.967303702835,0.642338629864442,0.241629458494145,0.00681456526549484,0.0705255004212554,0.0056494715113804
11.012691596288,0.638304540434351,0.243780107428395,0.00689567025774929,0.0716927972507677,0.00574603120252763
11.0575415068775,0.634327574218322,0.245879890649236,0.00697559660497715,0.0728569097300061,0.00584241972736675
11.102391417467,0.630360927936425,0.247953585906654,0.00705527625405937,0.0740315011927348,0.00593976900346026
11.1472413280565,0.626405650448051,0.250000353057662,0.00713467864762113,0.075216458744139,0.00603807188050958
11.192091238646,0.622462774693534,0.252019374149851,0.00721377322844965,0.07641166539629,0.00613732084221341
11.2364529226693,0.618576016405377,0.253988342499341,0.00729167410035885,0.0776038250066468,0.00623641236650934
11.2808146066926,0.614703351805288,0.255928641125519,0.00736921465071571,0.0788057723801372,0.00633641378407537
11.3251762907159,0.610845728682251,0.257839547357384,0.00744636567967838,0.0800173828817466,0.00643731676405974
11.3695379747393,0.60700407583535,0.25972036279571,0.00752309811186598,0.0812385283343578,0.00653911264690059
11.4134680624725,0.60321642969645,0.2615525648213,0.00759864311778271,0.0824570601458974,0.00664078923966071
11.4573981502057,0.599446199305513,0.263353968480252,0.00767372152917812,0.0836846819622853,0.00674332357489502
11.501328237939,0.595694227020807,0.265123969369602,0.0077483058245312,0.0849212594896432,0.00684670629639381
11.5452583256722,0.591961334064164,0.266861988542438,0.00782236871561811,0.0861666554369303,0.00695092775747675
11.5888198481721,0.588279386755567,0.268553300895586,0.0078952687797737,0.0874101724115252,0.0070550932489229
11.6323813706721,0.584617744331459,0.270212108040692,0.0079676036642799,0.0886620830238562,0.00716006371570985
11.6759428931721,0.580977142641548,0.271837921810062,0.00803934777334465,0.0899222451624495,0.00726582891706954
11.719504415672,0.577358295063223,0.273430279910558,0.00811047583759888,0.0911905142463119,0.00737237835996993
11.7627659653809,0.573786579459052,0.274978131005406,0.00818047982096061,0.0924579280440416,0.00747895963328536
11.8060275150897,0.570237654296668,0.276492153649232,0.00824982775577724,0.0937330462637929,0.00758629301078754
11.8492890647986,0.56671215034811,0.277971971834445,0.00831849615556515,0.0950157205621386,0.00769436749124271
11.8925506145074,0.563210675263079,0.279417235215883,0.00838646193818838,0.0963058006293227,0.00780317185863798
11.9355854489438,0.559751969031214,0.280820319351192,0.00845335201973055,0.0975963168301094,0.00791211886772667
11.9786202833802,0.556318170839798,0.282188594316682,0.00851950270152272,0.0988938590993456,0.00802176535675445
12.0216551178165,0.552909809603563,0.28352179084692,0.00858489273739437,0.100198274195884,0.00813209967070037
12.0646899522529,0.549527391027806,0.284819664623679,0.00864950134923846,0.101509407387244,0.0082431099760971
12.1075752500467,0.546183012628045,0.286077671628336,0.00871308796330575,0.102822512618576,0.00835439508239408
12.1504605478405,0.542865330391259,0.287300190248723,0.00877585899275827,0.104141978351011,0.00846632749718435
12.1933458456344,0.539574775769159,0.288487051777434,0.00883779552150361,0.105467647545286,0.00857889500133224
12.2362311434282,0.536311757366922,0.289638111349096,0.00889887915226734,0.1067993621165,0.00869208523221761
12.2790475335681,0.533081836524856,0.290751484844331,0.00895899600213151,0.108134809104799,0.00880570234849991
12.3218639237081,0.529880109405263,0.291828953169971,0.00901822780400675,0.109475964258368,0.00891991513730878
12.364680313848,0.526706915068653,0.292870441675005,0.00907655803086774,0.11082266762795,0.00903471088912183
12.407496703988,0.523562570443211,0.293875898151194,0.00913397071363372,0.112174758635878,0.00915007678446903
12.4503281276559,0.520446281812323,0.294845626621142,0.00919047014067275,0.113532553599225,0.00926604069375578
12.4931595513237,0.517359431699433,0.295779259486982,0.00924602128244294,0.114895416878581,0.00938254915620383
12.5359909749916,0.514302272140012,0.296676809669208,0.00930061003837912,0.116263186316272,0.00949958903103335
12.5788223986595,0.511275034019583,0.297538310916013,0.00935422289466465,0.117635699517156,0.00961714709969731
12.6217563310707,0.508270790574531,0.298365750068541,0.00940697170484412,0.119016095068719,0.00973549322282899
12.664690263482,0.505297013531177,0.299157096893182,0.00945871470055728,0.120400929872624,0.00985433319417591
12.7076241958933,0.502353873273413,0.299912445655329,0.00950944023135167,0.121790040101527,0.00997365348759358
12.7505581283046,0.499441520217821,0.300631909678938,0.00955913725321222,0.123183262058348,0.0100934405301547
12.7936861809211,0.496547127417617,0.30131863133872,0.00960801298372275,0.124586758060918,0.0102142253619145
12.8368142335375,0.493684045596435,0.301969428486148,0.00965583055332356,0.125994072544883,0.0103354535790771
12.879942286154,0.490852368655626,0.302584470935482,0.00970258077830248,0.12740504040973,0.0104571113039848
12.9230703387705,0.488052171858161,0.303163945683357,0.00974825509303037,0.128819497033486,0.0105791846422161
12.9664892759892,0.485264945587843,0.303711606801124,0.0097931426270253,0.130246851699208,0.0107024870699885
13.0099082132079,0.482509723015541,0.304223649828495,0.00983692430870756,0.131677409171457,0.010826182427502
13.0533271504267,0.479786526367352,0.304700314888427,0.0098795934365979,0.133111003347246,0.0109502565082971
13.0967460876454,0.477095360664549,0.305141857337122,0.00992114393182099,0.134547468935152,0.0110746951184924
13.1405593247306,0.474412212208085,0.305552081795471,0.00996193231941539,0.135999722932862,0.0112006188841281
13.1843725618157,0.471761637984754,0.305927110105718,0.0100015712842912,0.137454565266101,0.0113268848344261
13.2281857989009,0.469143592868495,0.306267248113641,0.0100400566270218,0.138911828985773,0.0114534784461969
13.2719990359861,0.466558016035705,0.306572814899021,0.0100773847689397,0.14037134827683,0.0115803852378423
13.3163871213118,0.463971547350382,0.306847476235359,0.0101140195902959,0.14185214860408,0.011709261682199
13.3607752066375,0.461418231696466,0.30708735161247,0.0101494613105182,0.143334925156141,0.0118384297875911
13.4051632919632,0.458897959791546,0.307292810488804,0.010183708255737,0.144819509411341,0.0119678746468776
13.4495513772889,0.456410608129565,0.307464233587384,0.0102167593689198,0.146305734308448,0.0120975814240705
13.4946933064924,0.453914635606557,0.307604064129835,0.0102491448892967,0.147818711703891,0.0122297444149356
13.5398352356958,0.451452410430421,0.307709520459666,0.0102802934670104,0.149333042194277,0.0123621475736447
13.5849771648993,0.449023760932894,0.307781034797329,0.0103102060317133,0.150848555025547,0.0124947755425956
13.6301190941028,0.446628502699897,0.307819048636814,0.0103388841231839,0.152365081244137,0.0126276130663922
13.6761424143941,0.444220648946775,0.307823783313269,0.0103668535352347,0.153912087563924,0.0127632442601031
13.7221657346854,0.441847077557379,0.307794650379097,0.010393545068151,0.15545979842629,0.0128990615754012
13.7681890549766,0.439507555890489,0.307732143256787,0.0104189623707875,0.157008040852493,0.0130350491937664
13.8142123752679,0.437201840129036,0.307636762547379,0.0104431096888984,0.158556644017022,0.0131711914316985
13.8612696924666,0.43487901074951,0.307505777713859,0.0104664914783203,0.160140236664136,0.0133105360248095
13.9083270096654,0.432590974185734,0.307341504585204,0.010488556554436,0.161723852273739,0.0134500095375077
13.9553843268641,0.430337437444634,0.307144497245889,0.0105093114287929,0.163307315480001,0.0135895956620081
14.0024416440629,0.428118098014397,0.30691531475154,0.0105287631901599,0.164890453444477,0.0137292782608968
14.050717173779,0.425876514715144,0.306647354576624,0.0105473724143094,0.166514058988136,0.0138726604605726
14.0989927034952,0.42367024866798,0.306346737384223,0.0105646272389335,0.168136961999376,0.014016110340572
14.1472682332114,0.421498946031549,0.306014078738453,0.0105805372267842,0.169758984371769,0.0141596110540724
14.1955437629276,0.419362245198411,0.305649996828095,0.0105951124914345,0.171379950933974,0.0143031459636212
14.2452672030375,0.417197243521272,0.305242799077678,0.0106087408090344,0.17304824894958,0.0144510042694559
14.2949906431474,0.415068148490258,0.30480360228151,0.0106209767826358,0.174715059320098,0.0145988637104923
14.3447140832573,0.412974543266,0.304333086289383,0.0106318332868477,0.176380200571261,0.0147467068196713
14.3944375233671,0.410916005114767,0.303831931039359,0.0106413237133716,0.178043494623418,0.0148945163836423
14.445907009975,0.408821660504809,0.303281629791809,0.01064972335493,0.179763063772392,0.0150474629015594
14.4973764965829,0.406763949965535,0.302699980126311,0.0106566902563322,0.181480276744437,0.0152003367868259
14.5488459831908,0.404742388939231,0.302087732064937,0.0106622409836932,0.183194947646566,0.0153531198216018
14.6003154697987,0.402756489012766,0.301445632900144,0.0106663925779828,0.184906894521009,0.0155057940941632
14.6539387250262,0.400724888274831,0.300745716271481,0.010669248616856,0.18668738940428,0.0156647224368554
14.7075619802537,0.398730902498228,0.300015042470764,0.0106706253762408,0.188464537601527,0.0158234940643088
14.7611852354812,0.396773970383043,0.299254442740343,0.0106705437009654,0.190238147031895,0.0159820897931359
14.8148084907087,0.394853529073665,0.298464742324935,0.0106690248577094,0.192008030222136,0.0161404908112939
14.8711844221371,0.392873234691568,0.297604021871005,0.0106659021136197,0.19386454936719,0.0163067929484375
14.9275603535654,0.390931994606588,0.29671298409629,0.0106612405463622,0.195716540850635,0.0164728385101109
14.9839362849938,0.389029153764341,0.295792562122191,0.0106550662621071,0.197563803274024,0.0166386069728566
15.0403122164221,0.387164058305338,0.294843679019701,0.0106474057205648,0.199406140748491,0.016804078271794
15.1004425917551,0.385215618812455,0.293801264085586,0.0106376271957528,0.201365529353993,0.0169802198047673
15.160572967088,0.38330858930707,0.292728602105529,0.0106262213101376,0.203318874604567,0.0171559777667361
15.220703342421,0.381442185794817,0.291626770848022,0.0106132213190783,0.20526595939485,0.0173313295409735
15.280833717754,0.37961562912306,0.290496832405648,0.0105986607378973,0.207206573491816,0.0175062531001975
15.3466281437443,0.377661757294486,0.289229490428617,0.0105809804900253,0.20932233216464,0.0176971378505716
15.4124225697347,0.375753661060739,0.287931095704732,0.0105615167415766,0.211429843334489,0.0178874569895255
15.4782169957251,0.373890345215633,0.286602970403369,0.0105403141701251,0.213528859518819,0.0180771840836075
15.5440114217155,0.37207082522699,0.285246411589246,0.0105174175638111,0.215619142568601,0.018266293523272
15.6208109309398,0.370001061458733,0.283628679863411,0.0104886083236297,0.218047704574357,0.0184862199719485
15.6976104401642,0.367988117142033,0.281975915394996,0.0104576234410913,0.220463708244474,0.0187052331378885
15.7744099493885,0.366030489457247,0.280290045610762,0.0104245340909127,0.222866822149393,0.0189232965284695
15.8512094586129,0.364126700584628,0.278572948634345,0.0103894112091587,0.225256730902734,0.0191403751085697
15.9382156807259,0.362033112766367,0.276592224891512,0.0103472526904924,0.227947928896324,0.0193850714525672
16.025221902839,0.360004692550538,0.274576347082727,0.0103026766911133,0.230621384027704,0.019628414239033
16.112228124952,0.358039416155788,0.272527812494651,0.0102557840511785,0.233276710315393,0.0198703592392779
16.199234347065,0.35613530627813,0.270449036650189,0.0102066746063412,0.235913545573521,0.0201108644490899
16.2731081218036,0.354565171252883,0.268662027754061,0.0101633110136425,0.238137616979793,0.0203139086284513
16.3469818965422,0.353036585069882,0.26685628306827,0.0101184798938985,0.240347919822389,0.0205158630846644
16.4208556712808,0.35154841852674,0.265033142764109,0.010072239927647,0.24254427163382,0.0207167058484228
16.4947294460194,0.350099567499844,0.263193905870171,0.0100246490391263,0.244726501007604,0.0209164160123133
16.5608535986146,0.348835167754073,0.261534989752113,0.00998095156336171,0.246667697329186,0.0210941989946298
16.6269777512099,0.34760064605309,0.259865060002567,0.00993625768377208,0.248597342552377,0.0212710451360694
16.6931019038052,0.346395261800499,0.25818496569934,0.00989060701658738,0.250515335645341,0.0214469415857826
16.7592260564004,0.345218290360617,0.256495530866736,0.00984403860137461,0.252421581950573,0.021621876118444
16.8224180589635,0.344119407714499,0.254873018359457,0.00979871294002523,0.254232241002767,0.0217881439457034
16.8856100615267,0.34304522154503,0.253243381750857,0.00975261708349554,0.256032019548438,0.021953513097889
16.9488020640898,0.34199513983693,0.251607277577776,0.00970578336491396,0.257820850803494,0.0221179744881567
17.0119940666529,0.340968583468883,0.249965342786046,0.00965824359313325,0.259598672754655,0.0222815195067603
17.0738228262756,0.339986398345572,0.248353779684697,0.00961107605658745,0.261327431031797,0.0224406416159594
17.1356515858984,0.339025673657093,0.246737786695968,0.00956329116603695,0.263045545774448,0.0225988715126449
17.1974803455211,0.338085902141957,0.245117907510307,0.00951491704570102,0.264752971744698,0.0227562024420631
17.2593091051438,0.337166587809429,0.243494669141228,0.00946598131919404,0.266449667614923,0.0229126280473338
17.3204361397831,0.336277342647242,0.241887051481621,0.00941707543847249,0.268116522049697,0.0230663824953618
17.3815631744224,0.335407161188615,0.240277127176504,0.0093676726848751,0.269772819491675,0.0232192408605758
17.4426902090616,0.334555595844836,0.238665358985122,0.00931779812628104,0.271418530909339,0.0233711981318029
17.5038172437009,0.33372220918009,0.237052194982375,0.00926747634675748,0.27305363059776,0.0235222496419337
17.5646311342483,0.332910707663855,0.23544633937272,0.00921699241350355,0.27466980140793,0.0236716242439523
17.6254450247956,0.332116364919078,0.233839944287168,0.00916611277187466,0.276275427928967,0.0238200941517778
17.686258915343,0.331338779260014,0.232233409235601,0.00911486004233355,0.277870494317923,0.023967655769308
17.7470728058903,0.330577558294733,0.230627120557963,0.00906325637611841,0.279454987619624,0.0241143058038622
17.8078461235531,0.329832810780782,0.229022522546338,0.00901135818095715,0.281027851216833,0.0242599443427391
17.8686194412159,0.329103650028502,0.227418903298572,0.00895915218252069,0.282590138531459,0.024404666856991
17.9293927588787,0.328389711352629,0.225816610500799,0.00890665893650711,0.284141844970428,0.0245484709553686
17.9901660765415,0.327690638664563,0.224215979885994,0.00885389854310306,0.285682968478847,0.0246913545174637
18.051105859344,0.327004228924766,0.222612959539369,0.0088007451044264,0.287217687317397,0.0248337032741653
18.1120456421466,0.326332075183097,0.22101225118178,0.00874736200125647,0.288741768634594,0.024975123001823
18.1729854249491,0.325673843539439,0.21941415861935,0.00869376798463674,0.290255217760725,0.0251156123703677
18.2339252077517,0.325029208103983,0.217818974720572,0.00863998136353244,0.291758042273911,0.025255170293316
18.2951982760974,0.324394433878643,0.216218284086712,0.00858572441232305,0.293258383855311,0.0253945515208027
18.356471344443,0.32377276819107,0.214621095215899,0.00853130837329001,0.294748006438994,0.0255329896338908
18.4177444127887,0.323163903345459,0.213027673844197,0.00847675037983856,0.296226924333717,0.0256704842611852
18.4790174811344,0.322567539150769,0.211438275641366,0.00842206713673692,0.297695153847097,0.0258070352513187
18.540764581648,0.321978910399904,0.209840900454044,0.00836685061965812,0.29916394796979,0.0259436881075539
18.6025116821617,0.321402386943854,0.208248102077636,0.00831153951290156,0.300621927010339,0.0260793830435221
18.6642587826754,0.32083768377643,0.206660112586318,0.00825614947250439,0.302069113565821,0.0262141205712766
18.726005883189,0.320284522952439,0.205077154751505,0.00820069573946192,0.3035055320131,0.0263479014020002
18.7883502568632,0.319737446020812,0.203484207436155,0.00814465605505722,0.304944946543962,0.0264820065853902
18.8506946305373,0.319201587673945,0.201896818022492,0.00808858124896854,0.306373439013375,0.0266151385531351
18.9130390042115,0.318676682813622,0.200315188360158,0.0080324856086133,0.307791039795802,0.0267472986445729
18.9753833778856,0.318162473007833,0.198739511676443,0.00797638302019139,0.309197780848537,0.0268784883792291
19.0384362844123,0.317653040239789,0.197152171149515,0.00791964951311633,0.31060949793855,0.0270101838373848
19.1014891909389,0.31715403550851,0.195571291202997,0.00786293609190933,0.31201017765498,0.0271408904499315
19.1645420974656,0.3166652113675,0.193997046198297,0.00780625576194375,0.313399857770313,0.02727061034123
19.2275950039922,0.316186326681622,0.192429602489227,0.00774962114146692,0.314778577459484,0.0273993457983416
19.291459470039,0.31571116992306,0.190849079472792,0.00769231666636942,0.316163911359425,0.0275287372082756
19.3553239360859,0.31524573136,0.189275853256886,0.00763508380709173,0.317538086081462,0.0276571239164757
19.4191884021327,0.314789779330811,0.187710072927121,0.00757793435738645,0.318901146516818,0.0277845088005673
19.4830528681795,0.314343088163705,0.186151880123513,0.00752087973825731,0.32025313879125,0.0279108948844771
19.5478263446692,0.3138992730358,0.184579397020393,0.0074631212171121,0.321613117560794,0.0280380629049504
19.6125998211589,0.313464534944565,0.183014989868402,0.00740548261682407,0.322961810230277,0.0281642102206749
19.6773732976486,0.313038656443094,0.181458784287017,0.00734797457782349,0.324299268608851,0.0282893404389685
19.7421467741384,0.312621425781126,0.179910898969163,0.0072906073824623,0.325625545581616,0.0284134572978565
19.807923095794,0.312206373095999,0.178347678325333,0.00723250632581,0.32696096950796,0.0285384627426765
19.8736994174497,0.311799815417957,0.176793263212649,0.00717457062922169,0.328284976360883,0.0286624313936182
19.9394757391053,0.311401548176091,0.175247757276759,0.00711680982875827,0.329597624729877,0.0287853675706727
20.005252060761,0.311011372227365,0.173711257720576,0.0070592331173692,0.330898974128614,0.0289072757095262
20.0721229453784,0.310622798115733,0.172158515860494,0.00700089609973777,0.332210458592031,0.0290301633345768
20.1389938299958,0.310242188385164,0.170615265607914,0.00694276730542323,0.333510391818799,0.0291519980395919
20.2058647146132,0.309869350186097,0.169081589871618,0.0068848552076933,0.334798839093304,0.0292727848455895
20.2727355992306,0.309504095849404,0.167557565572451,0.00682716795196801,0.33607586647713,0.0293925288746697
20.3407918365246,0.309139965174476,0.166016509375378,0.00676869704003602,0.337363874131647,0.0295133302141032
20.4088480738187,0.308783313315002,0.164485592314115,0.00671047487615324,0.338640193920775,0.0296330625122077
20.4769043111127,0.308433958137046,0.162964877588241,0.00665250890641834,0.339904897782283,0.0297517314838841
20.5449605484068,0.308091722458479,0.161454422840331,0.00659480626464368,0.341158058287233,0.0298693429307489
20.6142929763711,0.30775021190678,0.159926248415947,0.00653629940031389,0.342422923720717,0.0299880784650662
20.6836254043354,0.307415734388815,0.158408826182088,0.00647807966704335,0.343675962828877,0.0301057288793804
20.7529578322997,0.3070881176028,0.156902200482438,0.00642015351448421,0.344917254199107,0.0302223005791798
20.822290260264,0.306767193986885,0.155406410515076,0.00636252709586296,0.346146876909772,0.0303378000424135
20.8929905959971,0.306446662361225,0.153892302984735,0.00630407843709425,0.347388825914328,0.0304544808886929
20.9636909317302,0.306132753332183,0.15238952958834,0.00624595331533655,0.348618808879639,0.0305700606146614
21.0343912674633,0.305825303648278,0.150898116519617,0.0061881572104029,0.349836911071961,0.0306845463164442
21.1050916031964,0.305524154601117,0.149418085222303,0.00613069532184435,0.351043218106465,0.0307979451483685
21.1772531750633,0.305223118579424,0.147919219098568,0.00607239554451812,0.352262383020915,0.0309125744030344
21.2494147469302,0.304928326289753,0.146432240717586,0.0060144538718614,0.353469441471947,0.0310260866506948
21.3215763187971,0.3046396228345,0.144957158702869,0.00595687483693736,0.354664485463212,0.0311384896811214
21.393737890664,0.304356857675849,0.14349397731107,0.00589966270901998,0.355847607204285,0.0312497913279153
21.4674563067162,0.304073971786516,0.142011517126498,0.00584159927227259,0.357044039370035,0.0313623651549176
21.5411747227684,0.303796979104069,0.140541472246603,0.00578392678708501,0.358228224465207,0.0314738062376555
21.6148931388206,0.303525732460812,0.139083834195105,0.00572664885979938,0.359400261315765,0.0315841230652104
21.6886115548728,0.303260088877857,0.137638590502468,0.0056697688497601,0.36056024880855,0.0316933241559056
21.7639853340099,0.302994128778708,0.136173691456554,0.00561202622708504,0.361733928883685,0.0318038326866916
21.8393591131469,0.302733736908466,0.134721711104323,0.00555470578191572,0.362895221621244,0.0319131929225492
21.914732892284,0.302478773267366,0.133282624244405,0.00549781021119637,0.36404423277851,0.0320214140599473
21.9901066714211,0.3022291018847,0.131856402048965,0.00544134198199626,0.365181068025453,0.032128505309696
22.0672378591495,0.3019789502638,0.130410210503252,0.00538400185957233,0.36633191471183,0.0322369334044369
22.144369046878,0.301734065013116,0.128977418387245,0.00532711360451855,0.367470234661579,0.0323441978791957
22.2215002346065,0.301494312792226,0.127557984064562,0.00527067901927482,0.368596140694544,0.0324503086481288
22.2986314223349,0.30125956414032,0.126151862634858,0.00521469969387695,0.369709745390873,0.032555275624425
22.3776262097259,0.301024198723657,0.124725516337989,0.00515784113733888,0.370837622986536,0.0326616035312489
22.456620997117,0.300793818814294,0.123313028768219,0.00510146267401909,0.371952835852819,0.032766752759841
22.535615784508,0.300568297268812,0.121914342068742,0.00504556522453296,0.373055504024137,0.0328707339544154
22.614610571899,0.300347510683455,0.12052939547938,0.00499014951493192,0.374145747137596,0.0329735577424068
22.6955799351878,0.300125993953217,0.119124023428705,0.00493384910516871,0.375250472233643,0.0330777616831171
22.7765492984767,0.299909200996162,0.117732948913078,0.00487805561147593,0.376342396566264,0.0331807721976641
22.8575186617655,0.299697010443795,0.116356098001904,0.0048227690832789,0.377421647556094,0.0332826006746429
22.9384880250543,0.299489304536125,0.114993394222209,0.00476798939367414,0.378488352062546,0.0333832584694561
23.021548402849,0.299280774852119,0.113610116094386,0.00471232133209888,0.379569699628837,0.0334853111735442
23.1046087806437,0.299076724687103,0.112241554538772,0.00465718565788735,0.380638112924199,0.033586156059673
23.1876691584384,0.298877038060591,0.110887619635938,0.00460258155799317,0.381693726945902,0.0336858052770046
23.2707295362331,0.298681602477628,0.109548219287698,0.00454850806170282,0.382736675958699,0.0337842709243942
23.3560035619805,0.298485266360142,0.108188144387525,0.00449354424526577,0.383794385009083,0.0338841421283701
23.441277587728,0.298293181525389,0.106843185844774,0.00443913697904231,0.384839029390203,0.0339827915266675
23.5265516134754,0.298105237024772,0.105513237779603,0.00438528459441358,0.385870751884566,0.0340802320470029
23.6118256392228,0.297921325279897,0.104198192501903,0.00433198528421895,0.386889694362342,0.0341764765488651
23.6994429485102,0.297736450661317,0.102862418187513,0.0042777953501723,0.387923473352474,0.0342741334745917
23.7870602577977,0.297555613806519,0.101542141111127,0.00422418485667672,0.388944060978914,0.0343705550607142
23.8746775670851,0.297378708469674,0.100237239408569,0.00417115128468844,0.389951608035885,0.0344657550332585
23.9622948763725,0.297205631667011,0.0989475897809892,0.0041186919962552,0.390946264215742,0.0345597470311837
24.0523930111531,0.297031541958076,0.0976371993383251,0.00406534333681666,0.39195579629162,0.0346551548537639
24.1424911459336,0.296861290050978,0.0963426683124289,0.00401259576556988,0.392952014615421,0.0347493143075753
24.2325892807142,0.296694774097185,0.0950638587817938,0.00396044591648179,0.393935078237457,0.0348422399384729
24.3226874154948,0.296531895408883,0.0938006317752448,0.00390889032480391,0.39490514490564,0.0349339461853684
24.4154128512255,0.296367964254674,0.0925166917239917,0.00385644807190682,0.39589009309589,0.0350270684988836
24.5081382869563,0.296207683459936,0.0912489546515193,0.00380462733689518,0.396861610054367,0.0351189299707278
24.6008637226871,0.296050955288658,0.089997266459304,0.0037534239084816,0.39781986335012,0.0352095459899022
24.6935891584178,0.295897685070675,0.0887614723959388,0.00370283349747684,0.398765019036872,0.0352989318174211
24.7890984852484,0.295743331694443,0.0875050292200118,0.00365136047799254,0.399725031459467,0.0353897311048066
24.8846078120791,0.295592452825825,0.086265113962829,0.00360052820889632,0.400671500673247,0.0354792576849906
24.9801171389097,0.29544495457456,0.0850415561839035,0.00355033163366097,0.401604603047735,0.0355675278153113
25.0756264657403,0.295300746027572,0.0838341852009386,0.00350076563936259,0.4025245132103,0.0356545576027655
25.1740877621378,0.29515543107808,0.082606261502432,0.00345032230123826,0.403459228349142,0.0357429957147344
25.2725490585354,0.295013425542007,0.081395171973842,0.00340053776671223,0.404380294378218,0.0358301499108927
25.371010354933,0.294874639123639,0.080200729622904,0.00335140613225569,0.405287896769745,0.0359160373441082
25.4694716513305,0.294738984421788,0.0790227476435843,0.0033029214602231,0.406182219011376,0.0360006749930856
25.5710660975344,0.294602206254617,0.0778243377323485,0.00325356577039069,0.407091271099524,0.0360867136393083
25.6726605437383,0.294468582417607,0.07664304945643,0.00320488577435122,0.407986574791255,0.0361714578645886
25.7742549899422,0.294338025971666,0.0754786790162878,0.00315687471793685,0.408868324986278,0.0362549257467162
25.875849436146,0.294210452795441,0.0743310232465262,0.0031095258360156,0.409736714339862,0.0363371351638502
25.9807732274176,0.294081744129664,0.0731630881829348,0.00306131315105893,0.410619738875443,0.0364207364186226
26.0856970186892,0.293956044052719,0.0720125433415334,0.00301379190310648,0.41148892282717,0.0365030334926119
26.1906208099608,0.293833268755341,0.0708791678120507,0.00296695448168506,0.412344470872627,0.0365840454204058
26.2955446012324,0.293713337175005,0.0697627417893554,0.00292079328949753,0.413186585165485,0.0366637910096455
26.4040112378068,0.293592262075261,0.0686262039014589,0.00287377620014963,0.414043224578237,0.0367449178335477
26.5124778743813,0.293474058566824,0.067507305894445,0.00282746516139153,0.414885938728426,0.0368247314970621
26.6209445109558,0.293358645752479,0.0664058093918361,0.00278185169852692,0.415714942451676,0.0369032520263291
26.7294111475303,0.29324594541655,0.0653214776199655,0.00273692737529985,0.416530447758177,0.0369804991911483
26.8416542008489,0.293132096557752,0.0642172145209942,0.00269115552599552,0.417360357236664,0.0370591159694732
26.9538972541675,0.293020990503856,0.0631308220715299,0.00264610323174502,0.418176264589732,0.0371364114135273
27.066140307486,0.292912549058858,0.0620620440150518,0.00260176114314817,0.41897839522673,0.0372124065791823
27.1783833608046,0.292806696648959,0.0610106262262977,0.00255811997579641,0.419766971405146,0.0372871222342236
27.2946598479116,0.292699692825321,0.0599394643486591,0.00251363986006869,0.420569824898508,0.037363195333339
27.4109363350187,0.292595310760061,0.0588863851775783,0.00246989172055308,0.421358607390803,0.0374379397428566
27.5272128221257,0.292493474752322,0.0578511140950239,0.00242686531967283,0.422133555324087,0.037511377590718
27.6434893092327,0.29239411167016,0.0568333791782091,0.00238455051287716,0.422894901633869,0.0375835306823623
27.7640838517062,0.292293595514175,0.0557960868313904,0.00234140524500064,0.423670398045394,0.0376570290255134
27.8846783941798,0.2921955873976,0.05477707091887,0.00229900332494432,0.424431762561268,0.0377291921384942
28.0052729366533,0.29210001391115,0.0537760378988927,0.00225733360990536,0.425179243169044,0.0378000432688099
28.1258674791268,0.292006804167475,0.0527926975300987,0.00221638507986265,0.425913083962741,0.0378696053039938
28.251097487853,0.291912440045658,0.0517899774582962,0.00217461414181457,0.426660953573403,0.0379405009700466
28.3763274965793,0.291820477217658,0.0508057098839744,0.00213359691862395,0.427394638137879,0.0380100556545845
28.5015575053055,0.291730844362121,0.0498395816804349,0.00209332134083925,0.428114397770007,0.0380782937786716
28.6267875140318,0.291643472639365,0.048891283674464,0.00205377549356159,0.428820488265888,0.038145239362409
28.7570097356122,0.291554944691552,0.0479237650438229,0.00201341445443591,0.429540499457475,0.0382135082140354
28.8872319571927,0.291468717970646,0.0469748583573512,0.00197381655306239,0.430246279658602,0.0382804310681212
29.0174541787732,0.291384723036555,0.0460442301179046,0.00193496876645872,0.430938101777423,0.0383460335816122
29.1476764003536,0.291302892897895,0.0451315514911638,0.00189685826034763,0.431616233936875,0.0384103409654
29.2832953035376,0.291219903183603,0.044199781152067,0.00185793846180483,0.432308200344291,0.0384759633189106
29.4189142067216,0.291139121077001,0.0432867671525414,0.00181979036126899,0.432985896090277,0.0385402353029007
29.5545331099056,0.291060478806003,0.0423921546801481,0.00178239994839184,0.43364960765895,0.0386031838833484
29.6901520130895,0.290983911022329,0.0415155943612683,0.00174575343852806,0.434299616230775,0.0386648355302573
29.7676140098172,0.290941084022879,0.041022893531524,0.00172515046279013,0.434664841927102,0.0386994774170368
29.8450760065448,0.290898901824985,0.0405359065406414,0.00170478322046145,0.435025737872081,0.0387337094445987
29.9225380032724,0.290857353261591,0.0400545707334257,0.00168464922031427,0.435382354145644,0.0387675363308881
30,0.290816427392375,0.0395788240310409,0.00166474599277925,0.435734740287071,0.0388009627434207
